ticker,Date,time,Open,High,Low,Close,Vol
TADAWUL:8312,2012-07-08,00:00:00,78.75,80.50,76.25,76.50,1587876
TADAWUL:8312,2012-07-09,00:00:00,76.00,76.25,74.00,74.00,977786
TADAWUL:8312,2012-07-10,00:00:00,74.00,80.25,73.75,77.25,3514817
TADAWUL:8312,2012-07-11,00:00:00,78.00,78.00,74.75,74.75,1299960
TADAWUL:8312,2012-07-15,00:00:00,76.25,76.75,74.75,74.75,929648
TADAWUL:8312,2012-07-16,00:00:00,74.75,75.25,71.75,72.00,971157
TADAWUL:8312,2012-07-17,00:00:00,72.00,73.25,66.75,67.00,816649
TADAWUL:8312,2012-07-18,00:00:00,67.00,70.50,66.75,68.50,1282638
TADAWUL:8312,2012-07-22,00:00:00,70.50,71.75,69.25,69.75,887291
TADAWUL:8312,2012-07-23,00:00:00,69.75,71.50,69.50,70.25,695733
TADAWUL:8312,2012-07-24,00:00:00,69.50,73.50,69.50,72.50,1025377
TADAWUL:8312,2012-07-25,00:00:00,72.75,75.00,72.25,72.50,1299818
TADAWUL:8312,2012-07-29,00:00:00,74.00,74.00,72.00,73.00,655759
TADAWUL:8312,2012-07-30,00:00:00,73.00,80.25,72.75,80.25,3361872
TADAWUL:8312,2012-07-31,00:00:00,82.50,87.50,80.25,81.00,3067746
TADAWUL:8312,2012-08-01,00:00:00,81.00,81.50,77.50,77.50,1396986
TADAWUL:8312,2012-08-05,00:00:00,83.00,84.25,80.25,80.50,1584832
TADAWUL:8312,2012-08-06,00:00:00,80.00,80.00,75.50,76.00,1167375
TADAWUL:8312,2012-08-07,00:00:00,76.25,77.75,76.25,76.75,478499
TADAWUL:8312,2012-08-08,00:00:00,77.25,84.25,77.25,84.25,3688028
TADAWUL:8312,2012-08-12,00:00:00,94.75,99.25,89.00,91.50,6177083
TADAWUL:8312,2012-08-13,00:00:00,90.75,98.75,89.00,89.00,4532333
TADAWUL:8312,2012-08-26,00:00:00,95.50,100.75,93.50,94.00,4841159
TADAWUL:8312,2012-08-27,00:00:00,94.50,96.25,93.25,95.75,1555164
TADAWUL:8312,2012-08-28,00:00:00,96.00,102.75,94.50,97.25,5379711
TADAWUL:8312,2012-08-29,00:00:00,98.50,99.00,95.00,96.25,1441014
TADAWUL:8312,2012-09-02,00:00:00,94.75,96.00,93.50,94.25,935086
TADAWUL:8312,2012-09-03,00:00:00,94.75,95.75,93.25,94.00,725618
TADAWUL:8312,2012-09-04,00:00:00,93.50,95.00,92.25,93.50,1059635
TADAWUL:8312,2012-09-09,00:00:00,95.00,96.00,93.25,93.50,817304
TADAWUL:8312,2012-09-10,00:00:00,93.75,93.75,90.25,92.75,696520
TADAWUL:8312,2012-09-11,00:00:00,92.25,92.75,91.00,91.00,400530
TADAWUL:8312,2012-09-12,00:00:00,91.75,97.25,91.50,94.25,2957977
TADAWUL:8312,2012-09-16,00:00:00,94.25,96.50,94.00,94.25,848220
TADAWUL:8312,2012-09-17,00:00:00,94.50,95.75,93.50,93.50,414746
TADAWUL:8312,2012-09-18,00:00:00,93.75,94.50,92.50,93.00,334777
TADAWUL:8312,2012-09-19,00:00:00,93.00,93.75,91.00,91.75,335199
TADAWUL:8312,2012-09-24,00:00:00,91.25,91.50,88.00,89.75,312947
TADAWUL:8312,2012-09-25,00:00:00,90.00,90.50,88.50,90.50,251427
TADAWUL:8312,2012-09-26,00:00:00,89.75,91.75,84.00,85.50,722140
TADAWUL:8312,2012-09-30,00:00:00,84.00,84.75,80.75,83.50,596162
TADAWUL:8312,2012-10-01,00:00:00,83.75,91.75,83.50,91.75,1883055
TADAWUL:8312,2012-10-02,00:00:00,93.00,93.75,88.00,88.50,1481709
TADAWUL:8312,2012-10-03,00:00:00,88.50,88.50,85.50,86.75,498617
TADAWUL:8312,2012-10-07,00:00:00,88.25,89.75,87.00,87.50,589313
TADAWUL:8312,2012-10-08,00:00:00,87.00,87.75,86.00,86.50,269515
TADAWUL:8312,2012-10-09,00:00:00,86.75,87.75,86.25,86.75,238549
TADAWUL:8312,2012-10-10,00:00:00,86.25,86.75,84.00,84.50,255134
TADAWUL:8312,2012-10-14,00:00:00,81.00,82.50,80.00,82.00,292177
TADAWUL:8312,2012-10-15,00:00:00,82.75,85.75,82.50,84.50,481095
TADAWUL:8312,2012-10-16,00:00:00,84.50,85.25,84.00,84.50,230102
TADAWUL:8312,2012-10-17,00:00:00,84.50,86.25,84.50,85.00,278926
TADAWUL:8312,2012-11-04,00:00:00,91.50,94.75,90.50,92.00,1405907
TADAWUL:8312,2012-11-05,00:00:00,92.50,101.00,91.00,101.00,3763302
TADAWUL:8312,2012-11-06,00:00:00,102.00,109.00,98.25,98.75,4953544
TADAWUL:8312,2012-11-07,00:00:00,99.25,103.25,98.50,99.50,2693094
TADAWUL:8312,2012-11-11,00:00:00,103.25,105.75,99.75,101.25,0
TADAWUL:8312,2012-11-12,00:00:00,101.50,111.00,100.50,107.00,3854882
TADAWUL:8312,2012-11-13,00:00:00,109.00,112.75,107.50,108.75,4092269
TADAWUL:8312,2012-11-14,00:00:00,109.25,110.75,101.00,103.00,2033400
TADAWUL:8312,2012-11-18,00:00:00,103.00,103.50,98.75,99.25,1071501
TADAWUL:8312,2012-11-19,00:00:00,100.25,101.75,91.25,94.75,1936746
TADAWUL:8312,2012-11-20,00:00:00,96.00,96.50,92.25,94.00,1165039
TADAWUL:8312,2012-11-21,00:00:00,94.25,95.00,91.00,91.00,820623
TADAWUL:8312,2012-11-25,00:00:00,93.00,93.00,86.50,87.25,907996
TADAWUL:8312,2012-11-26,00:00:00,88.00,89.00,80.50,87.00,1118871
TADAWUL:8312,2012-11-27,00:00:00,87.00,88.00,83.25,84.25,1423603
TADAWUL:8312,2012-11-28,00:00:00,85.50,92.00,85.00,90.00,1650396
TADAWUL:8312,2012-12-02,00:00:00,94.25,94.25,91.50,92.00,955729
TADAWUL:8312,2012-12-03,00:00:00,91.75,94.25,91.25,92.75,1052486
TADAWUL:8312,2012-12-04,00:00:00,92.50,92.75,90.75,91.75,474959
TADAWUL:8312,2012-12-05,00:00:00,92.75,94.00,90.50,91.75,998437
TADAWUL:8312,2012-12-09,00:00:00,95.00,96.00,93.75,94.50,1269685
TADAWUL:8312,2012-12-10,00:00:00,94.75,97.50,94.00,94.50,2103121
TADAWUL:8312,2012-12-11,00:00:00,96.00,98.25,95.75,96.75,1837815
TADAWUL:8312,2012-12-12,00:00:00,97.25,97.25,94.25,95.50,710614
TADAWUL:8312,2012-12-16,00:00:00,95.75,96.00,93.00,93.25,576556
TADAWUL:8312,2012-12-17,00:00:00,92.75,94.25,92.00,92.75,664784
TADAWUL:8312,2012-12-18,00:00:00,93.00,93.00,90.00,90.75,593063
TADAWUL:8312,2012-12-19,00:00:00,91.25,91.25,88.75,89.75,445798
TADAWUL:8312,2012-12-23,00:00:00,91.00,91.50,89.75,90.25,347880
TADAWUL:8312,2012-12-24,00:00:00,90.00,92.75,89.50,90.75,721726
TADAWUL:8312,2012-12-25,00:00:00,90.75,92.25,90.00,90.25,468964
TADAWUL:8312,2012-12-26,00:00:00,90.00,90.75,88.50,88.50,391783
TADAWUL:8312,2012-12-30,00:00:00,89.00,89.25,87.00,87.50,261249
TADAWUL:8312,2012-12-31,00:00:00,88.00,89.00,86.00,87.75,402443
TADAWUL:8312,2013-01-01,00:00:00,89.00,89.25,87.00,88.00,238965
TADAWUL:8312,2013-01-02,00:00:00,88.75,90.50,88.50,88.75,764002
TADAWUL:8312,2013-01-06,00:00:00,89.00,89.50,88.25,88.50,233029
TADAWUL:8312,2013-01-07,00:00:00,89.00,89.50,88.25,89.25,202371
TADAWUL:8312,2013-01-08,00:00:00,89.25,89.50,87.50,88.25,401227
TADAWUL:8312,2013-01-09,00:00:00,88.00,88.75,87.75,88.00,238909
TADAWUL:8312,2013-01-13,00:00:00,87.75,88.50,86.75,87.25,403931
TADAWUL:8312,2013-01-14,00:00:00,87.50,88.00,86.00,86.50,309233
TADAWUL:8312,2013-01-15,00:00:00,86.00,86.25,84.75,84.75,274233
TADAWUL:8312,2013-01-16,00:00:00,85.00,87.75,84.75,85.75,329902
TADAWUL:8312,2013-01-20,00:00:00,86.25,87.25,86.00,86.75,284269
TADAWUL:8312,2013-01-21,00:00:00,86.75,86.75,85.25,86.00,179413
TADAWUL:8312,2013-01-22,00:00:00,86.00,86.50,85.00,85.25,119694
TADAWUL:8312,2013-01-23,00:00:00,84.75,85.75,84.25,84.50,160089
TADAWUL:8312,2013-01-27,00:00:00,84.00,84.25,83.00,83.75,265695
TADAWUL:8312,2013-01-28,00:00:00,84.00,88.00,83.75,85.50,760954
TADAWUL:8312,2013-01-29,00:00:00,86.25,86.75,84.75,85.00,225417
TADAWUL:8312,2013-01-30,00:00:00,85.25,85.50,84.00,84.50,159540
TADAWUL:8312,2013-02-03,00:00:00,85.50,85.50,85.50,85.50,0
TADAWUL:8312,2013-02-04,00:00:00,85.50,87.50,85.50,85.75,542619
TADAWUL:8312,2013-02-05,00:00:00,85.50,85.50,82.25,84.00,309036
TADAWUL:8312,2013-02-06,00:00:00,84.50,84.50,82.50,83.00,188059
TADAWUL:8312,2013-02-10,00:00:00,81.50,82.50,81.25,82.25,127352
TADAWUL:8312,2013-02-11,00:00:00,82.00,84.50,82.00,82.00,148698
TADAWUL:8312,2013-02-12,00:00:00,83.00,83.25,81.50,82.00,189210
TADAWUL:8312,2013-02-13,00:00:00,82.25,83.00,82.00,82.00,219297
TADAWUL:8312,2013-02-17,00:00:00,82.25,82.25,81.25,81.75,105654
TADAWUL:8312,2013-02-18,00:00:00,82.00,82.25,80.75,81.50,289496
TADAWUL:8312,2013-02-19,00:00:00,81.75,82.00,81.00,81.50,333586
TADAWUL:8312,2013-02-20,00:00:00,81.50,82.25,81.00,81.50,254859
TADAWUL:8312,2013-02-24,00:00:00,81.75,81.75,80.25,80.50,174811
TADAWUL:8312,2013-02-25,00:00:00,80.50,85.00,79.00,82.75,1423713
TADAWUL:8312,2013-02-26,00:00:00,82.25,83.00,80.50,81.00,374510
TADAWUL:8312,2013-02-27,00:00:00,81.25,81.75,80.25,80.50,204788
TADAWUL:8312,2013-03-03,00:00:00,80.50,81.00,79.50,79.50,152778
TADAWUL:8312,2013-03-04,00:00:00,79.25,80.00,77.75,78.00,202493
TADAWUL:8312,2013-03-05,00:00:00,78.00,79.50,78.00,78.25,289491
TADAWUL:8312,2013-03-06,00:00:00,78.75,81.00,78.50,79.00,579359
TADAWUL:8312,2013-03-10,00:00:00,80.00,80.00,79.25,79.25,120615
TADAWUL:8312,2013-03-11,00:00:00,79.25,80.75,79.25,79.75,248520
TADAWUL:8312,2013-03-12,00:00:00,80.00,80.00,77.50,77.75,309989
TADAWUL:8312,2013-03-13,00:00:00,77.75,79.00,75.50,78.25,262673
TADAWUL:8312,2013-03-17,00:00:00,79.50,80.00,79.25,79.50,191371
TADAWUL:8312,2013-03-18,00:00:00,80.00,82.75,79.00,81.00,746664
TADAWUL:8312,2013-03-19,00:00:00,81.00,85.00,81.00,84.00,1503405
TADAWUL:8312,2013-03-20,00:00:00,84.25,85.00,83.25,83.25,703115
TADAWUL:8312,2013-03-24,00:00:00,84.50,85.50,83.50,83.75,510165
TADAWUL:8312,2013-03-25,00:00:00,84.25,86.00,84.00,84.25,502595
TADAWUL:8312,2013-03-26,00:00:00,84.50,85.00,83.25,83.50,408004
TADAWUL:8312,2013-03-27,00:00:00,82.75,83.50,81.00,82.25,395578
TADAWUL:8312,2013-03-31,00:00:00,81.25,83.75,80.75,82.50,864420
TADAWUL:8312,2013-04-01,00:00:00,83.25,84.50,82.00,82.50,607775
TADAWUL:8312,2013-04-02,00:00:00,83.00,83.75,82.50,83.50,317519
TADAWUL:8312,2013-04-03,00:00:00,83.75,89.25,83.75,86.25,2047022
TADAWUL:8312,2013-04-07,00:00:00,84.00,84.25,83.00,83.25,351456
TADAWUL:8312,2013-04-08,00:00:00,82.75,83.75,82.50,83.00,307042
TADAWUL:8312,2013-04-09,00:00:00,83.00,83.00,82.50,83.00,229539
TADAWUL:8312,2013-04-10,00:00:00,82.75,83.00,82.25,82.25,188468
TADAWUL:8312,2013-04-14,00:00:00,82.50,86.00,82.50,84.50,1041688
TADAWUL:8312,2013-04-15,00:00:00,85.25,87.25,84.50,85.00,878860
TADAWUL:8312,2013-04-16,00:00:00,83.50,84.50,83.00,83.25,381782
TADAWUL:8312,2013-04-17,00:00:00,83.00,83.00,75.00,79.25,504389
TADAWUL:8312,2013-04-21,00:00:00,80.75,81.50,80.25,80.75,212600
TADAWUL:8312,2013-04-22,00:00:00,81.00,82.25,81.00,81.75,290980
TADAWUL:8312,2013-04-23,00:00:00,82.25,82.50,81.00,81.50,229195
TADAWUL:8312,2013-04-24,00:00:00,81.50,81.50,80.50,80.75,185321
TADAWUL:8312,2013-04-28,00:00:00,82.75,82.75,81.50,82.00,288188
TADAWUL:8312,2013-04-29,00:00:00,82.25,82.50,81.50,82.00,221432
TADAWUL:8312,2013-04-30,00:00:00,82.00,83.50,82.00,82.50,456181
TADAWUL:8312,2013-05-01,00:00:00,82.75,82.75,81.75,81.75,148350
TADAWUL:8312,2013-05-05,00:00:00,82.50,82.75,82.00,82.25,195593
TADAWUL:8312,2013-05-06,00:00:00,82.50,82.50,81.25,81.75,234734
TADAWUL:8312,2013-05-07,00:00:00,81.50,81.50,80.50,80.75,138510
TADAWUL:8312,2013-05-08,00:00:00,81.00,81.25,80.50,80.75,91896
TADAWUL:8312,2013-05-12,00:00:00,80.50,80.50,79.50,80.00,129363
TADAWUL:8312,2013-05-13,00:00:00,78.50,78.75,74.25,76.00,409197
TADAWUL:8312,2013-05-14,00:00:00,76.00,77.00,69.75,70.75,303978
TADAWUL:8312,2013-05-15,00:00:00,70.00,70.50,64.00,68.25,529192
TADAWUL:8312,2013-05-19,00:00:00,72.00,73.25,70.75,72.00,463954
TADAWUL:8312,2013-05-20,00:00:00,72.00,72.25,71.00,71.75,173157
TADAWUL:8312,2013-05-21,00:00:00,71.50,72.25,71.25,71.50,191085
TADAWUL:8312,2013-05-22,00:00:00,71.50,72.00,71.00,71.25,96372
TADAWUL:8312,2013-05-26,00:00:00,71.25,71.75,70.75,70.75,111675
TADAWUL:8312,2013-05-27,00:00:00,71.00,73.00,70.75,71.25,320512
TADAWUL:8312,2013-05-28,00:00:00,71.75,72.25,71.25,71.50,146151
TADAWUL:8312,2013-05-29,00:00:00,71.50,72.00,69.25,70.00,171217
TADAWUL:8312,2013-06-02,00:00:00,70.00,71.75,69.75,71.50,274065
TADAWUL:8312,2013-06-03,00:00:00,72.00,76.00,72.00,72.50,1397213
TADAWUL:8312,2013-06-04,00:00:00,72.50,72.50,70.50,70.75,364743
TADAWUL:8312,2013-06-05,00:00:00,70.50,71.50,70.00,70.25,168588
TADAWUL:8312,2013-06-09,00:00:00,70.50,72.50,70.50,71.00,352912
TADAWUL:8312,2013-06-10,00:00:00,71.00,71.75,70.50,70.75,170252
TADAWUL:8312,2013-06-11,00:00:00,71.00,72.25,71.00,72.00,212616
TADAWUL:8312,2013-06-12,00:00:00,72.00,72.50,71.25,71.25,148268
TADAWUL:8312,2013-06-16,00:00:00,65.50,67.75,65.00,66.75,129763
TADAWUL:8312,2013-06-17,00:00:00,67.00,68.25,67.00,68.00,200554
TADAWUL:8312,2013-06-18,00:00:00,68.50,69.00,68.00,68.50,173542
TADAWUL:8312,2013-06-19,00:00:00,68.50,69.50,68.25,68.50,176648
TADAWUL:8312,2013-06-23,00:00:00,68.50,69.25,68.00,69.00,216859
TADAWUL:8312,2013-06-24,00:00:00,69.00,69.75,67.00,67.75,399641
TADAWUL:8312,2013-06-25,00:00:00,68.00,68.25,67.50,68.00,136370
TADAWUL:8312,2013-06-26,00:00:00,68.00,68.25,67.00,67.00,132437
TADAWUL:8312,2013-06-30,00:00:00,66.00,67.00,65.75,66.00,163215
TADAWUL:8312,2013-07-01,00:00:00,66.50,66.75,65.75,66.50,90530
TADAWUL:8312,2013-07-02,00:00:00,67.25,70.75,67.25,68.75,879208
TADAWUL:8312,2013-07-03,00:00:00,68.75,69.50,67.75,68.25,288287
TADAWUL:8312,2013-07-04,00:00:00,69.00,69.50,68.00,68.50,213106
TADAWUL:8312,2013-07-07,00:00:00,68.75,69.00,68.00,68.50,278883
TADAWUL:8312,2013-07-08,00:00:00,68.50,68.50,67.75,68.00,70168
TADAWUL:8312,2013-07-09,00:00:00,68.00,68.25,67.25,67.25,92823
TADAWUL:8312,2013-07-10,00:00:00,67.25,67.75,67.25,67.50,63340
TADAWUL:8312,2013-07-11,00:00:00,67.75,68.50,67.50,68.00,125169
TADAWUL:8312,2013-07-14,00:00:00,68.00,68.75,66.75,68.00,94165
TADAWUL:8312,2013-07-15,00:00:00,67.50,68.25,67.75,68.00,98922
TADAWUL:8312,2013-07-16,00:00:00,68.00,69.00,67.75,68.25,159422
TADAWUL:8312,2013-07-17,00:00:00,68.25,68.50,67.75,68.00,130040
TADAWUL:8312,2013-07-18,00:00:00,67.50,67.75,66.75,67.00,115616
TADAWUL:8312,2013-07-21,00:00:00,66.75,67.50,66.50,67.00,178361
TADAWUL:8312,2013-07-22,00:00:00,67.00,68.00,66.75,67.00,158339
TADAWUL:8312,2013-07-23,00:00:00,67.00,67.50,66.50,67.00,162940
TADAWUL:8312,2013-07-24,00:00:00,67.00,67.00,66.25,66.50,99245
TADAWUL:8312,2013-07-25,00:00:00,66.25,66.50,65.75,66.25,133595
TADAWUL:8312,2013-07-28,00:00:00,66.25,66.25,65.00,65.00,254792
TADAWUL:8312,2013-07-29,00:00:00,65.00,65.50,64.75,65.25,67864
TADAWUL:8312,2013-07-30,00:00:00,65.25,65.50,65.00,65.00,45734
TADAWUL:8312,2013-07-31,00:00:00,65.25,66.25,65.00,65.75,191589
TADAWUL:8312,2013-08-01,00:00:00,65.75,67.50,65.25,66.00,349549
TADAWUL:8312,2013-08-04,00:00:00,66.50,67.25,66.25,66.25,339849
TADAWUL:8312,2013-08-05,00:00:00,66.75,66.75,66.00,66.25,181122
TADAWUL:8312,2013-08-18,00:00:00,67.00,68.00,67.00,68.00,225771
TADAWUL:8312,2013-08-19,00:00:00,67.75,69.75,67.50,68.25,446294
TADAWUL:8312,2013-08-20,00:00:00,68.25,69.50,67.75,68.00,257411
TADAWUL:8312,2013-08-21,00:00:00,68.00,69.25,68.00,68.75,217971
TADAWUL:8312,2013-08-22,00:00:00,69.00,69.00,68.00,68.75,302179
TADAWUL:8312,2013-08-25,00:00:00,68.75,69.00,67.50,67.75,175672
TADAWUL:8312,2013-08-26,00:00:00,67.50,67.50,66.75,66.75,187387
TADAWUL:8312,2013-08-27,00:00:00,66.50,66.50,60.25,61.00,582147
TADAWUL:8312,2013-08-28,00:00:00,59.50,61.00,58.00,59.75,427288
TADAWUL:8312,2013-08-29,00:00:00,60.75,61.75,59.00,59.00,803714
TADAWUL:8312,2013-09-01,00:00:00,60.75,61.50,60.00,61.50,437035
TADAWUL:8312,2013-09-02,00:00:00,61.75,64.50,61.50,63.00,698231
TADAWUL:8312,2013-09-03,00:00:00,63.00,68.25,62.00,65.75,2494627
TADAWUL:8312,2013-09-04,00:00:00,65.25,67.25,63.00,63.00,1420311
TADAWUL:8312,2013-09-05,00:00:00,61.75,64.00,60.00,60.75,530649
TADAWUL:8312,2013-09-08,00:00:00,62.50,63.25,60.25,60.50,416461
TADAWUL:8312,2013-09-09,00:00:00,60.75,61.00,58.00,59.25,325104
TADAWUL:8312,2013-09-10,00:00:00,62.00,63.75,61.50,63.00,558298
TADAWUL:8312,2013-09-11,00:00:00,63.50,63.50,61.75,62.00,221432
TADAWUL:8312,2013-09-12,00:00:00,62.00,62.50,61.50,62.00,196400
TADAWUL:8312,2013-09-15,00:00:00,62.75,66.50,62.75,66.50,347579
TADAWUL:8312,2013-09-16,00:00:00,66.50,67.50,66.25,66.75,359658
TADAWUL:8312,2013-09-17,00:00:00,66.75,67.50,65.50,65.75,263558
TADAWUL:8312,2013-09-18,00:00:00,66.25,66.25,64.25,64.25,206545
TADAWUL:8312,2013-09-19,00:00:00,64.50,67.00,64.50,64.75,487821
TADAWUL:8312,2013-09-24,00:00:00,65.50,66.50,65.00,65.75,175390
TADAWUL:8312,2013-09-25,00:00:00,66.00,69.75,65.75,69.50,1452227
TADAWUL:8312,2013-09-26,00:00:00,69.25,69.75,66.50,66.75,683655
TADAWUL:8312,2013-09-29,00:00:00,67.25,70.00,66.25,69.25,635917
TADAWUL:8312,2013-09-30,00:00:00,69.00,71.00,67.75,68.50,953499
TADAWUL:8312,2013-10-01,00:00:00,68.00,68.50,67.50,67.75,252772
TADAWUL:8312,2013-10-02,00:00:00,67.75,68.25,65.00,66.00,301874
TADAWUL:8312,2013-10-03,00:00:00,65.75,67.00,64.75,65.25,389810
TADAWUL:8312,2013-10-06,00:00:00,64.75,65.75,61.00,63.75,395916
TADAWUL:8312,2013-10-07,00:00:00,63.50,64.00,62.00,62.75,219814
TADAWUL:8312,2013-10-08,00:00:00,62.50,62.75,62.00,62.25,173267
TADAWUL:8312,2013-10-09,00:00:00,62.25,64.00,62.00,63.25,198785
TADAWUL:8312,2013-10-21,00:00:00,65.00,65.00,63.75,64.50,203171
TADAWUL:8312,2013-10-22,00:00:00,64.25,65.75,64.00,65.25,340806
TADAWUL:8312,2013-10-23,00:00:00,65.50,66.50,65.00,65.00,371254
TADAWUL:8312,2013-10-24,00:00:00,65.25,66.00,64.75,65.00,145355
TADAWUL:8312,2013-10-27,00:00:00,65.00,66.25,65.00,66.00,165356
TADAWUL:8312,2013-10-28,00:00:00,66.00,67.00,66.00,66.00,290422
TADAWUL:8312,2013-10-29,00:00:00,66.25,66.50,64.75,65.25,186643
TADAWUL:8312,2013-10-30,00:00:00,65.50,65.75,64.75,65.00,162147
TADAWUL:8312,2013-10-31,00:00:00,65.00,65.25,64.25,64.75,74097
TADAWUL:8312,2013-11-03,00:00:00,64.75,65.25,64.75,64.75,58692
TADAWUL:8312,2013-11-04,00:00:00,64.75,65.00,64.00,64.00,92707
TADAWUL:8312,2013-11-05,00:00:00,63.75,65.25,63.75,64.75,218772
TADAWUL:8312,2013-11-06,00:00:00,65.00,65.25,64.25,64.25,125320
TADAWUL:8312,2013-11-07,00:00:00,64.00,64.75,64.00,64.50,87530
TADAWUL:8312,2013-11-10,00:00:00,64.50,65.00,64.25,64.75,99412
TADAWUL:8312,2013-11-11,00:00:00,64.75,65.75,64.75,65.50,318661
TADAWUL:8312,2013-11-12,00:00:00,65.25,66.75,65.00,65.25,474771
TADAWUL:8312,2013-11-13,00:00:00,65.25,65.50,64.25,64.50,173784
TADAWUL:8312,2013-11-14,00:00:00,64.50,65.00,64.25,64.75,139800
TADAWUL:8312,2013-11-17,00:00:00,64.75,65.00,64.25,65.00,106162
TADAWUL:8312,2013-11-18,00:00:00,64.75,64.75,64.25,64.25,44578
TADAWUL:8312,2013-11-19,00:00:00,64.00,66.00,63.25,64.50,433770
TADAWUL:8312,2013-11-20,00:00:00,64.50,65.25,64.50,65.00,90390
TADAWUL:8312,2013-11-21,00:00:00,65.00,66.00,64.50,64.75,470845
TADAWUL:8312,2013-11-24,00:00:00,65.00,65.50,64.25,65.00,191102
TADAWUL:8312,2013-11-25,00:00:00,65.00,65.50,64.50,64.75,213518
TADAWUL:8312,2013-11-26,00:00:00,64.75,67.00,64.50,65.00,1065146
TADAWUL:8312,2013-11-27,00:00:00,65.25,65.50,64.50,64.50,225567
TADAWUL:8312,2013-11-28,00:00:00,64.25,65.00,64.50,64.50,93727
TADAWUL:8312,2013-12-01,00:00:00,64.50,64.75,63.50,63.50,194867
TADAWUL:8312,2013-12-02,00:00:00,63.75,64.50,63.00,64.25,140338
TADAWUL:8312,2013-12-03,00:00:00,64.00,64.25,63.00,63.00,132983
TADAWUL:8312,2013-12-04,00:00:00,63.25,63.50,62.75,63.25,82308
TADAWUL:8312,2013-12-05,00:00:00,63.75,63.75,63.00,63.25,52924
TADAWUL:8312,2013-12-08,00:00:00,63.75,63.75,63.25,63.50,51751
TADAWUL:8312,2013-12-09,00:00:00,63.75,63.75,63.00,63.25,76771
TADAWUL:8312,2013-12-10,00:00:00,63.25,63.25,62.25,62.50,159138
TADAWUL:8312,2013-12-11,00:00:00,62.25,62.25,61.50,61.75,93457
TADAWUL:8312,2013-12-12,00:00:00,62.00,63.75,61.75,63.25,461299
TADAWUL:8312,2013-12-15,00:00:00,63.50,65.00,63.25,64.00,745546
TADAWUL:8312,2013-12-16,00:00:00,64.50,66.75,64.25,65.50,757678
TADAWUL:8312,2013-12-17,00:00:00,65.50,68.50,64.50,65.50,1288738
TADAWUL:8312,2013-12-18,00:00:00,65.25,67.50,64.50,66.75,638415
TADAWUL:8312,2013-12-19,00:00:00,67.00,67.25,65.00,66.00,432270
TADAWUL:8312,2013-12-22,00:00:00,66.25,67.25,66.25,67.25,416040
TADAWUL:8312,2013-12-23,00:00:00,67.25,69.00,66.50,67.00,595150
TADAWUL:8312,2013-12-24,00:00:00,67.00,69.50,67.00,67.75,1899660
TADAWUL:8312,2013-12-25,00:00:00,67.75,68.25,66.25,66.50,465722
TADAWUL:8312,2013-12-26,00:00:00,66.50,67.00,65.25,66.25,439925
TADAWUL:8312,2013-12-29,00:00:00,66.25,67.50,65.75,66.25,366609
TADAWUL:8312,2013-12-30,00:00:00,66.25,66.75,65.75,66.25,213746
TADAWUL:8312,2013-12-31,00:00:00,66.25,66.50,65.50,65.75,161902
TADAWUL:8312,2014-01-01,00:00:00,65.50,65.75,65.50,65.75,99066
TADAWUL:8312,2014-01-02,00:00:00,65.75,65.75,64.75,64.75,131110
TADAWUL:8312,2014-01-05,00:00:00,65.00,65.00,63.50,63.50,123550
TADAWUL:8312,2014-01-06,00:00:00,63.50,64.00,63.00,63.50,85869
TADAWUL:8312,2014-01-07,00:00:00,63.50,64.25,63.75,64.25,81180
TADAWUL:8312,2014-01-08,00:00:00,64.25,64.25,63.50,63.50,103664
TADAWUL:8312,2014-01-09,00:00:00,63.25,64.25,63.25,63.50,93980
TADAWUL:8312,2014-01-12,00:00:00,63.25,64.00,63.25,63.50,90848
TADAWUL:8312,2014-01-13,00:00:00,63.50,63.50,63.00,63.25,95855
TADAWUL:8312,2014-01-14,00:00:00,63.50,64.75,63.00,64.50,175856
TADAWUL:8312,2014-01-15,00:00:00,64.50,64.50,63.25,63.25,90951
TADAWUL:8312,2014-01-16,00:00:00,63.25,64.25,63.00,64.00,116722
TADAWUL:8312,2014-01-19,00:00:00,63.00,63.75,63.00,63.25,69856
TADAWUL:8312,2014-01-20,00:00:00,63.00,63.25,62.75,63.00,72391
TADAWUL:8312,2014-01-21,00:00:00,63.75,63.75,63.00,63.00,57082
TADAWUL:8312,2014-01-22,00:00:00,63.50,63.50,60.25,61.50,135392
TADAWUL:8312,2014-01-23,00:00:00,62.00,62.00,61.50,62.00,45740
TADAWUL:8312,2014-01-26,00:00:00,61.50,61.75,60.00,61.50,38809
TADAWUL:8312,2014-01-27,00:00:00,61.50,62.75,61.25,61.75,137538
TADAWUL:8312,2014-01-28,00:00:00,61.50,62.00,61.50,62.00,58965
TADAWUL:8312,2014-01-29,00:00:00,62.00,62.75,61.75,62.75,44794
TADAWUL:8312,2014-01-30,00:00:00,62.00,62.75,61.50,61.50,62554
TADAWUL:8312,2014-02-02,00:00:00,61.50,62.00,61.00,61.00,55412
TADAWUL:8312,2014-02-03,00:00:00,60.50,61.25,60.25,61.00,81378
TADAWUL:8312,2014-02-04,00:00:00,60.50,61.25,60.25,60.75,44777
TADAWUL:8312,2014-02-05,00:00:00,61.25,61.25,60.75,61.00,59943
TADAWUL:8312,2014-02-06,00:00:00,61.50,62.50,61.50,62.00,188376
TADAWUL:8312,2014-02-09,00:00:00,62.00,63.25,62.00,62.25,143497
TADAWUL:8312,2014-02-10,00:00:00,62.25,63.00,62.00,62.50,78115
TADAWUL:8312,2014-02-11,00:00:00,62.25,62.50,61.50,61.75,82804
TADAWUL:8312,2014-02-12,00:00:00,62.00,62.25,61.50,62.25,102496
TADAWUL:8312,2014-02-13,00:00:00,62.00,62.25,61.50,61.50,59949
TADAWUL:8312,2014-02-17,00:00:00,62.25,63.75,62.25,63.00,241797
TADAWUL:8312,2014-02-18,00:00:00,63.00,63.75,63.00,63.75,190872
TADAWUL:8312,2014-02-19,00:00:00,64.00,64.50,62.75,63.50,260071
TADAWUL:8312,2014-02-20,00:00:00,63.00,63.00,62.50,62.50,155817
TADAWUL:8312,2014-02-23,00:00:00,63.00,63.50,62.50,63.25,315211
TADAWUL:8312,2014-02-24,00:00:00,63.00,64.00,62.75,63.25,338430
TADAWUL:8312,2014-02-25,00:00:00,63.50,65.25,63.00,64.25,515531
TADAWUL:8312,2014-02-26,00:00:00,64.00,64.00,63.25,63.50,163041
TADAWUL:8312,2014-02-27,00:00:00,63.50,64.25,63.00,63.25,329808
TADAWUL:8312,2014-03-02,00:00:00,63.25,63.50,62.25,63.00,147577
TADAWUL:8312,2014-03-03,00:00:00,63.25,63.25,62.00,62.75,135451
TADAWUL:8312,2014-03-04,00:00:00,62.50,63.75,63.00,63.00,0
TADAWUL:8312,2014-03-05,00:00:00,63.25,63.75,61.00,62.25,0
TADAWUL:8312,2014-03-06,00:00:00,62.50,63.00,62.00,62.75,0
TADAWUL:8312,2014-03-09,00:00:00,63.25,63.50,62.50,62.75,0
TADAWUL:8312,2014-03-10,00:00:00,62.75,62.75,62.00,62.25,0
TADAWUL:8312,2014-03-11,00:00:00,62.25,63.00,62.25,63.00,0
TADAWUL:8312,2014-03-12,00:00:00,63.00,64.50,63.00,63.25,0
TADAWUL:8312,2014-03-13,00:00:00,63.25,63.50,62.50,62.75,0
TADAWUL:8312,2014-03-16,00:00:00,63.00,63.25,62.50,62.75,0
TADAWUL:8312,2014-03-17,00:00:00,62.75,64.25,62.50,63.00,0
TADAWUL:8312,2014-03-18,00:00:00,63.25,68.25,62.75,66.75,0
TADAWUL:8312,2014-03-19,00:00:00,66.75,68.50,64.75,64.75,0
TADAWUL:8312,2014-03-20,00:00:00,65.00,66.00,63.75,63.75,0
TADAWUL:8312,2014-03-23,00:00:00,64.50,64.75,64.00,64.25,0
TADAWUL:8312,2014-03-24,00:00:00,64.00,64.75,63.75,64.00,0
TADAWUL:8312,2014-03-25,00:00:00,64.00,64.50,64.00,64.50,0
TADAWUL:8312,2014-03-26,00:00:00,64.50,65.00,64.25,64.50,0
TADAWUL:8312,2014-03-27,00:00:00,65.00,65.00,63.25,63.75,0
TADAWUL:8312,2014-03-30,00:00:00,64.00,64.25,63.50,64.00,0
TADAWUL:8312,2014-03-31,00:00:00,64.00,64.25,63.25,63.50,0
TADAWUL:8312,2014-04-01,00:00:00,64.00,64.25,63.50,63.75,0
TADAWUL:8312,2014-04-02,00:00:00,64.00,64.00,63.25,63.50,0
TADAWUL:8312,2014-04-03,00:00:00,63.50,63.50,62.75,62.75,0
TADAWUL:8312,2014-04-06,00:00:00,62.75,63.25,62.25,63.00,0
TADAWUL:8312,2014-04-07,00:00:00,63.00,64.00,63.00,63.00,0
TADAWUL:8312,2014-04-08,00:00:00,63.25,63.50,62.50,63.00,0
TADAWUL:8312,2014-04-09,00:00:00,63.50,66.50,62.75,63.00,0
TADAWUL:8312,2014-04-10,00:00:00,64.00,65.25,63.50,64.00,0
TADAWUL:8312,2014-04-13,00:00:00,64.25,66.75,64.25,65.70,0
TADAWUL:8312,2014-04-14,00:00:00,66.75,67.75,64.50,64.79,0
TADAWUL:8312,2014-04-15,00:00:00,65.00,65.25,64.50,65.01,0
TADAWUL:8312,2014-04-16,00:00:00,64.75,65.25,64.00,64.01,0
TADAWUL:8312,2014-04-17,00:00:00,64.00,65.50,63.75,65.06,0
TADAWUL:8312,2014-04-20,00:00:00,65.50,66.00,65.00,65.28,0
TADAWUL:8312,2014-04-21,00:00:00,65.25,66.50,64.75,66.31,0
TADAWUL:8312,2014-04-22,00:00:00,66.75,70.00,66.25,69.16,0
TADAWUL:8312,2014-04-23,00:00:00,69.75,72.75,68.75,69.82,0
TADAWUL:8312,2014-04-24,00:00:00,70.50,72.25,69.50,71.22,0
TADAWUL:8312,2014-04-27,00:00:00,72.75,74.00,71.50,72.15,0
TADAWUL:8312,2014-04-28,00:00:00,71.00,71.00,69.00,69.45,0
TADAWUL:8312,2014-04-29,00:00:00,69.25,69.75,67.75,68.48,0
TADAWUL:8312,2014-04-30,00:00:00,68.50,68.75,66.75,67.00,0
TADAWUL:8312,2014-05-01,00:00:00,67.25,68.25,67.00,67.22,0
TADAWUL:8312,2014-05-04,00:00:00,67.25,68.50,66.75,66.98,0
TADAWUL:8312,2014-05-05,00:00:00,67.50,71.25,67.50,70.66,0
TADAWUL:8312,2014-05-06,00:00:00,70.25,71.50,68.00,68.31,0
TADAWUL:8312,2014-05-07,00:00:00,68.50,70.75,68.00,69.13,0
TADAWUL:8312,2014-05-08,00:00:00,69.25,72.75,69.25,71.62,0
TADAWUL:8312,2014-05-11,00:00:00,72.25,73.00,70.00,71.15,0
TADAWUL:8312,2014-05-12,00:00:00,71.50,71.75,70.50,70.89,0
TADAWUL:8312,2014-05-13,00:00:00,71.25,72.75,71.00,71.74,0
TADAWUL:8312,2014-05-14,00:00:00,72.00,72.50,71.25,71.61,0
TADAWUL:8312,2014-05-15,00:00:00,72.00,72.50,71.00,71.98,0
TADAWUL:8312,2014-05-18,00:00:00,72.00,73.25,72.00,72.28,0
TADAWUL:8312,2014-05-19,00:00:00,72.50,72.75,68.25,70.53,0
TADAWUL:8312,2014-05-20,00:00:00,70.50,71.00,69.00,70.11,0
TADAWUL:8312,2014-05-21,00:00:00,70.75,70.75,69.75,70.37,0
TADAWUL:8312,2014-05-22,00:00:00,70.50,71.00,69.50,69.78,0
TADAWUL:8312,2014-05-25,00:00:00,68.50,68.75,66.25,68.50,0
TADAWUL:8312,2014-05-26,00:00:00,68.50,69.50,68.50,68.88,0
TADAWUL:8312,2014-05-27,00:00:00,69.00,69.75,68.25,69.11,0
TADAWUL:8312,2014-05-28,00:00:00,69.50,70.50,69.25,69.87,0
TADAWUL:8312,2014-05-29,00:00:00,70.25,72.00,69.00,69.28,0
TADAWUL:8312,2014-06-01,00:00:00,69.75,71.50,69.00,70.21,0
TADAWUL:8312,2014-06-02,00:00:00,70.00,71.00,70.00,70.21,0
TADAWUL:8312,2014-06-03,00:00:00,70.25,70.25,69.00,69.56,0
TADAWUL:8312,2014-06-04,00:00:00,69.00,70.00,68.50,69.22,0
TADAWUL:8312,2014-06-05,00:00:00,69.75,71.00,68.25,68.60,0
TADAWUL:8312,2014-06-08,00:00:00,68.25,68.25,62.25,66.84,0
TADAWUL:8312,2014-06-09,00:00:00,67.00,68.50,66.50,67.60,0
TADAWUL:8312,2014-06-10,00:00:00,68.00,69.25,66.50,68.76,0
TADAWUL:8312,2014-06-11,00:00:00,68.50,69.25,67.00,67.38,0
TADAWUL:8312,2014-06-12,00:00:00,67.50,69.00,66.75,67.59,0
TADAWUL:8312,2014-06-15,00:00:00,67.00,68.50,66.50,67.61,0
TADAWUL:8312,2014-06-16,00:00:00,67.75,68.00,65.25,65.65,0
TADAWUL:8312,2014-06-17,00:00:00,65.75,67.25,64.50,66.27,0
TADAWUL:8312,2014-06-18,00:00:00,66.50,67.50,66.50,66.72,0
TADAWUL:8312,2014-06-19,00:00:00,67.25,68.25,67.00,67.75,0
TADAWUL:8312,2014-06-22,00:00:00,67.75,69.00,67.00,67.46,0
TADAWUL:8312,2014-06-23,00:00:00,67.25,67.75,65.25,65.52,0
TADAWUL:8312,2014-06-24,00:00:00,65.50,65.75,64.75,65.63,0
TADAWUL:8312,2014-06-25,00:00:00,66.50,67.75,66.25,67.49,0
TADAWUL:8312,2014-06-26,00:00:00,68.00,70.00,67.00,67.45,0
TADAWUL:8312,2014-06-29,00:00:00,67.00,67.50,66.25,66.85,0
TADAWUL:8312,2014-06-30,00:00:00,66.75,67.00,66.00,66.05,0
TADAWUL:8312,2014-07-01,00:00:00,66.00,66.50,65.75,66.46,0
TADAWUL:8312,2014-07-02,00:00:00,66.50,67.50,66.25,66.93,0
TADAWUL:8312,2014-07-03,00:00:00,67.00,67.50,66.25,66.66,0
TADAWUL:8312,2014-07-06,00:00:00,67.25,67.25,66.25,66.50,0
TADAWUL:8312,2014-07-07,00:00:00,66.75,67.50,66.50,66.94,0
TADAWUL:8312,2014-07-08,00:00:00,66.75,68.00,66.50,67.49,0
TADAWUL:8312,2014-07-09,00:00:00,67.50,68.50,67.25,67.86,0
TADAWUL:8312,2014-07-10,00:00:00,68.00,68.50,67.25,67.34,0
TADAWUL:8312,2014-07-13,00:00:00,67.50,67.50,67.00,67.28,0
TADAWUL:8312,2014-07-14,00:00:00,67.50,67.50,66.75,66.77,0
TADAWUL:8312,2014-07-15,00:00:00,67.00,67.50,66.50,67.10,0
TADAWUL:8312,2014-07-16,00:00:00,66.75,67.25,64.50,65.04,0
TADAWUL:8312,2014-07-17,00:00:00,64.75,64.75,63.25,63.42,0
TADAWUL:8312,2014-07-20,00:00:00,63.00,63.50,61.25,61.99,0
TADAWUL:8312,2014-07-21,00:00:00,62.00,62.75,61.00,62.36,0
TADAWUL:8312,2014-07-22,00:00:00,62.50,64.00,62.75,63.75,0
TADAWUL:8312,2014-07-23,00:00:00,63.25,65.25,63.25,64.15,0
TADAWUL:8312,2014-08-03,00:00:00,63.50,64.00,63.25,63.50,0
TADAWUL:8312,2014-08-04,00:00:00,63.75,64.75,63.75,63.89,0
TADAWUL:8312,2014-08-05,00:00:00,64.00,66.00,64.00,65.45,0
TADAWUL:8312,2014-08-06,00:00:00,66.00,68.50,66.00,67.73,0
TADAWUL:8312,2014-08-07,00:00:00,68.00,68.00,66.50,66.54,0
TADAWUL:8312,2014-08-10,00:00:00,66.75,67.25,66.00,66.25,0
TADAWUL:8312,2014-08-11,00:00:00,66.50,66.75,66.00,66.55,0
TADAWUL:8312,2014-08-12,00:00:00,66.75,67.00,66.25,66.61,0
TADAWUL:8312,2014-08-13,00:00:00,66.50,67.25,66.25,66.32,0
TADAWUL:8312,2014-08-14,00:00:00,66.25,66.75,65.50,65.86,0
TADAWUL:8312,2014-08-17,00:00:00,66.00,67.00,65.75,66.67,0
TADAWUL:8312,2014-08-18,00:00:00,67.75,69.50,67.25,68.84,0
TADAWUL:8312,2014-08-19,00:00:00,69.25,69.25,67.00,67.51,0
TADAWUL:8312,2014-08-20,00:00:00,67.25,68.00,67.00,67.43,0
TADAWUL:8312,2014-08-21,00:00:00,67.25,68.00,67.25,67.32,0
TADAWUL:8312,2014-08-24,00:00:00,67.50,67.75,65.75,66.02,0
TADAWUL:8312,2014-08-25,00:00:00,66.25,66.25,62.25,63.80,0
TADAWUL:8312,2014-08-26,00:00:00,64.50,64.75,63.50,64.43,0
TADAWUL:8312,2014-08-27,00:00:00,64.25,65.00,64.25,64.71,0
TADAWUL:8312,2014-08-28,00:00:00,65.25,66.25,65.00,65.34,0
TADAWUL:8312,2014-08-31,00:00:00,65.75,67.75,65.50,66.51,0
TADAWUL:8312,2014-09-01,00:00:00,66.75,67.00,66.25,66.28,0
TADAWUL:8312,2014-09-02,00:00:00,66.50,66.75,66.00,66.34,0
TADAWUL:8312,2014-09-03,00:00:00,66.50,68.00,66.25,67.05,0
TADAWUL:8312,2014-09-04,00:00:00,67.00,67.75,66.50,67.72,0
TADAWUL:8312,2014-09-07,00:00:00,67.25,67.75,66.75,67.26,0
TADAWUL:8312,2014-09-08,00:00:00,67.50,67.75,67.25,67.35,0
TADAWUL:8312,2014-09-09,00:00:00,67.50,69.25,67.50,67.88,0
TADAWUL:8312,2014-09-10,00:00:00,68.50,69.50,67.75,67.79,0
TADAWUL:8312,2014-09-11,00:00:00,67.75,68.25,66.50,66.87,0
TADAWUL:8312,2014-09-14,00:00:00,66.75,68.75,66.50,67.07,0
TADAWUL:8312,2014-09-15,00:00:00,67.00,67.75,66.25,66.50,0
TADAWUL:8312,2014-09-16,00:00:00,66.75,67.00,66.00,66.51,0
TADAWUL:8312,2014-09-17,00:00:00,66.75,67.50,66.50,67.34,0
TADAWUL:8312,2014-09-18,00:00:00,67.50,68.00,66.75,67.25,0
TADAWUL:8312,2014-09-21,00:00:00,67.50,68.50,66.50,66.77,0
TADAWUL:8312,2014-09-22,00:00:00,66.75,66.75,65.75,66.19,0
TADAWUL:8312,2014-09-24,00:00:00,66.25,66.75,64.00,65.00,0
TADAWUL:8312,2014-09-25,00:00:00,65.25,65.75,65.00,65.23,0
TADAWUL:8312,2014-09-28,00:00:00,65.25,65.50,64.50,64.92,0
TADAWUL:8312,2014-09-29,00:00:00,65.00,65.00,63.75,64.96,0
TADAWUL:8312,2014-09-30,00:00:00,64.75,66.00,64.75,65.68,0
TADAWUL:8312,2014-10-01,00:00:00,65.50,65.75,65.00,65.22,0
TADAWUL:8312,2014-10-02,00:00:00,64.25,65.00,64.00,64.77,0
TADAWUL:8312,2014-10-12,00:00:00,64.00,64.00,60.25,60.72,0
TADAWUL:8312,2014-10-13,00:00:00,61.00,62.25,60.25,62.08,0
TADAWUL:8312,2014-10-14,00:00:00,61.50,62.00,60.50,61.29,0
TADAWUL:8312,2014-10-15,00:00:00,60.75,61.25,59.75,60.12,0
TADAWUL:8312,2014-10-16,00:00:00,59.00,60.00,54.25,54.34,0
TADAWUL:8312,2014-10-19,00:00:00,57.25,57.50,55.00,55.86,0
TADAWUL:8312,2014-10-21,00:00:00,56.00,57.75,56.00,57.02,0
TADAWUL:8312,2014-10-22,00:00:00,57.75,58.25,56.50,57.15,0
TADAWUL:8312,2014-10-23,00:00:00,56.50,58.75,56.25,57.55,0
TADAWUL:8312,2014-10-26,00:00:00,58.25,60.00,58.00,59.77,0
TADAWUL:8312,2014-10-27,00:00:00,63.00,65.25,62.00,62.29,0
TADAWUL:8312,2014-10-28,00:00:00,62.50,63.00,61.00,61.81,0
TADAWUL:8312,2014-10-29,00:00:00,62.50,62.50,58.75,59.81,0
TADAWUL:8312,2014-10-30,00:00:00,58.50,59.50,57.50,58.61,0
TADAWUL:8312,2014-11-02,00:00:00,61.00,61.50,59.25,59.45,0
TADAWUL:8312,2014-11-03,00:00:00,59.50,60.00,59.00,59.67,0
TADAWUL:8312,2014-11-04,00:00:00,59.25,59.75,58.00,58.12,0
TADAWUL:8312,2014-11-05,00:00:00,58.00,58.00,56.50,57.98,0
TADAWUL:8312,2014-11-06,00:00:00,58.50,58.50,57.50,57.76,0
TADAWUL:8312,2014-11-09,00:00:00,58.00,58.00,56.50,57.32,0
TADAWUL:8312,2014-11-10,00:00:00,52.50,54.25,51.75,51.82,0
TADAWUL:8312,2014-11-11,00:00:00,51.50,52.00,49.80,50.35,0
TADAWUL:8312,2014-11-12,00:00:00,50.75,52.50,50.50,51.34,0
TADAWUL:8312,2014-11-13,00:00:00,51.50,51.50,50.50,50.53,0
TADAWUL:8312,2014-11-16,00:00:00,50.75,50.75,49.00,49.31,0
TADAWUL:8312,2014-11-17,00:00:00,49.50,49.60,45.00,46.20,0
TADAWUL:8312,2014-11-18,00:00:00,46.20,47.00,45.60,46.90,0
TADAWUL:8312,2014-11-19,00:00:00,47.20,51.50,46.10,51.50,0
TADAWUL:8312,2014-11-20,00:00:00,52.50,55.75,51.00,52.65,0
TADAWUL:8312,2014-11-23,00:00:00,52.75,54.75,52.75,52.99,0
TADAWUL:8312,2014-11-24,00:00:00,53.50,53.50,51.00,51.05,0
TADAWUL:8312,2014-11-25,00:00:00,51.00,52.50,50.25,50.53,0
TADAWUL:8312,2014-11-26,00:00:00,51.50,51.50,47.60,49.83,0
TADAWUL:8312,2014-11-27,00:00:00,49.90,50.50,48.30,49.22,0
TADAWUL:8312,2014-11-30,00:00:00,46.00,47.60,45.30,45.78,0
TADAWUL:8312,2014-12-01,00:00:00,45.90,47.40,45.90,46.50,0
TADAWUL:8312,2014-12-02,00:00:00,47.20,48.50,46.60,47.03,0
TADAWUL:8312,2014-12-03,00:00:00,47.10,47.70,46.90,47.27,0
TADAWUL:8312,2014-12-04,00:00:00,47.50,50.00,47.50,48.51,0
TADAWUL:8312,2014-12-07,00:00:00,48.50,49.20,48.10,48.23,0
TADAWUL:8312,2014-12-08,00:00:00,48.00,48.10,46.50,46.68,0
TADAWUL:8312,2014-12-09,00:00:00,46.00,46.70,45.00,46.16,0
TADAWUL:8312,2014-12-10,00:00:00,46.40,46.80,44.60,44.96,0
TADAWUL:8312,2014-12-11,00:00:00,42.60,43.50,41.00,42.66,0
TADAWUL:8312,2014-12-14,00:00:00,41.00,43.00,39.50,39.81,0
TADAWUL:8312,2014-12-15,00:00:00,40.90,41.00,36.00,36.39,0
TADAWUL:8312,2014-12-16,00:00:00,35.90,35.90,32.80,32.80,0
TADAWUL:8312,2014-12-17,00:00:00,31.80,33.40,29.60,31.53,0
TADAWUL:8312,2014-12-18,00:00:00,32.00,34.30,32.00,34.05,0
TADAWUL:8312,2014-12-21,00:00:00,35.10,36.70,33.50,35.80,0
TADAWUL:8312,2014-12-22,00:00:00,36.00,39.00,35.00,37.65,0
TADAWUL:8312,2014-12-23,00:00:00,37.30,41.40,37.20,41.40,0
TADAWUL:8312,2014-12-24,00:00:00,45.50,45.50,42.00,42.41,0
TADAWUL:8312,2014-12-25,00:00:00,42.40,42.80,38.50,39.96,0
TADAWUL:8312,2014-12-28,00:00:00,40.40,41.80,40.60,40.99,0
TADAWUL:8312,2014-12-29,00:00:00,41.30,42.50,40.00,41.02,0
TADAWUL:8312,2014-12-30,00:00:00,39.00,40.10,37.10,37.84,0
TADAWUL:8312,2014-12-31,00:00:00,38.90,39.00,34.50,36.86,0
TADAWUL:8312,2015-01-01,00:00:00,37.40,38.70,36.00,38.20,0
TADAWUL:8312,2015-01-04,00:00:00,38.00,38.40,37.70,37.83,0
TADAWUL:8312,2015-01-05,00:00:00,37.00,37.60,36.30,36.57,0
TADAWUL:8312,2015-01-06,00:00:00,34.50,37.50,34.50,36.91,0
TADAWUL:8312,2015-01-07,00:00:00,37.20,38.90,36.50,37.83,0
TADAWUL:8312,2015-01-08,00:00:00,38.30,41.10,38.30,39.35,0
TADAWUL:8312,2015-01-11,00:00:00,43.20,43.20,43.20,43.20,0
TADAWUL:8312,2015-01-12,00:00:00,45.70,45.80,40.70,41.22,0
TADAWUL:8312,2015-01-13,00:00:00,39.40,41.10,38.70,40.39,0
TADAWUL:8312,2015-01-14,00:00:00,40.70,41.10,39.90,40.22,0
TADAWUL:8312,2015-01-15,00:00:00,40.40,41.70,40.00,40.28,0
TADAWUL:8312,2015-01-18,00:00:00,40.30,41.00,40.10,40.51,0
TADAWUL:8312,2015-01-19,00:00:00,40.60,42.10,40.30,41.82,0
TADAWUL:8312,2015-01-20,00:00:00,41.90,46.00,41.70,45.43,0
TADAWUL:8312,2015-01-21,00:00:00,45.90,49.90,44.50,49.47,0
TADAWUL:8312,2015-01-22,00:00:00,49.20,51.50,48.30,49.12,0
TADAWUL:8312,2015-01-26,00:00:00,50.00,51.50,48.50,50.90,0
TADAWUL:8312,2015-01-27,00:00:00,50.75,51.25,49.80,50.26,0
TADAWUL:8312,2015-01-28,00:00:00,50.25,52.00,49.80,50.26,0
TADAWUL:8312,2015-01-29,00:00:00,50.25,51.00,49.10,49.37,0
TADAWUL:8312,2015-02-01,00:00:00,50.50,51.75,49.80,50.80,0
TADAWUL:8312,2015-02-02,00:00:00,51.25,53.00,51.00,51.59,0
TADAWUL:8312,2015-02-03,00:00:00,51.75,52.50,51.00,52.35,0
TADAWUL:8312,2015-02-04,00:00:00,52.25,53.25,52.00,52.57,0
TADAWUL:8312,2015-02-05,00:00:00,52.00,52.75,51.50,52.55,0
TADAWUL:8312,2015-02-08,00:00:00,52.75,54.25,52.50,53.28,0
TADAWUL:8312,2015-02-09,00:00:00,53.25,55.25,53.00,54.60,0
TADAWUL:8312,2015-02-10,00:00:00,54.50,57.00,53.75,56.31,0
TADAWUL:8312,2015-02-11,00:00:00,55.75,56.50,53.00,53.85,0
TADAWUL:8312,2015-02-12,00:00:00,53.50,55.50,52.50,54.97,0
TADAWUL:8312,2015-02-15,00:00:00,55.25,57.00,55.00,56.29,0
TADAWUL:8312,2015-02-16,00:00:00,55.75,58.00,55.50,57.46,0
TADAWUL:8312,2015-02-17,00:00:00,59.00,63.00,57.25,59.21,0
TADAWUL:8312,2015-02-18,00:00:00,57.75,58.25,54.25,56.56,0
TADAWUL:8312,2015-02-19,00:00:00,56.00,57.00,55.50,56.50,0
TADAWUL:8312,2015-02-22,00:00:00,56.00,56.50,54.50,54.84,0
TADAWUL:8312,2015-02-23,00:00:00,54.75,55.00,53.25,53.74,0
TADAWUL:8312,2015-02-24,00:00:00,53.25,55.25,53.25,54.46,0
TADAWUL:8312,2015-02-25,00:00:00,54.50,54.75,53.25,53.63,0
TADAWUL:8312,2015-02-26,00:00:00,53.50,56.50,54.00,54.60,0
TADAWUL:8312,2015-03-01,00:00:00,55.00,55.25,53.75,54.10,0
TADAWUL:8312,2015-03-02,00:00:00,54.50,54.50,53.00,53.72,0
TADAWUL:8312,2015-03-03,00:00:00,54.00,54.00,52.50,53.20,0
TADAWUL:8312,2015-03-04,00:00:00,52.00,55.75,52.00,54.54,0
TADAWUL:8312,2015-03-05,00:00:00,55.25,55.25,53.25,53.59,0
TADAWUL:8312,2015-03-08,00:00:00,53.25,55.00,53.25,54.23,0
TADAWUL:8312,2015-03-09,00:00:00,54.50,55.25,53.75,54.74,0
TADAWUL:8312,2015-03-10,00:00:00,54.50,54.75,53.25,53.44,0
TADAWUL:8312,2015-03-11,00:00:00,53.75,55.75,53.25,54.60,0
TADAWUL:8312,2015-03-12,00:00:00,55.00,55.00,54.00,54.24,0
TADAWUL:8312,2015-03-15,00:00:00,54.00,55.75,53.75,54.40,0
TADAWUL:8312,2015-03-16,00:00:00,54.50,57.00,54.25,54.98,0
TADAWUL:8312,2015-03-17,00:00:00,55.50,56.50,55.00,55.54,0
TADAWUL:8312,2015-03-18,00:00:00,56.00,59.50,53.00,57.38,0
TADAWUL:8312,2015-03-19,00:00:00,58.75,60.00,57.25,59.49,0
TADAWUL:8312,2015-03-22,00:00:00,60.50,61.50,58.25,59.57,0
TADAWUL:8312,2015-03-23,00:00:00,58.50,59.00,57.75,58.16,0
TADAWUL:8312,2015-03-24,00:00:00,58.75,60.00,58.00,58.47,0
TADAWUL:8312,2015-03-25,00:00:00,58.50,59.50,52.75,52.82,0
TADAWUL:8312,2015-03-26,00:00:00,48.20,53.00,48.20,51.79,0
TADAWUL:8312,2015-03-29,00:00:00,53.25,56.75,53.00,56.50,0
TADAWUL:8312,2015-03-30,00:00:00,57.50,57.75,55.00,55.49,0
TADAWUL:8312,2015-03-31,00:00:00,55.00,56.50,53.25,54.28,0
TADAWUL:8312,2015-04-01,00:00:00,56.00,57.25,53.50,54.06,0
TADAWUL:8312,2015-04-02,00:00:00,54.50,55.50,51.50,52.72,0
TADAWUL:8312,2015-04-05,00:00:00,53.25,53.50,50.00,51.66,0
TADAWUL:8312,2015-04-06,00:00:00,52.00,53.00,51.50,52.16,0
TADAWUL:8312,2015-04-07,00:00:00,53.00,53.25,51.75,52.99,0
TADAWUL:8312,2015-04-08,00:00:00,53.25,54.25,52.75,53.23,0
TADAWUL:8312,2015-04-09,00:00:00,53.00,53.50,53.00,53.26,0
TADAWUL:8312,2015-04-12,00:00:00,53.50,53.75,52.75,53.01,0
TADAWUL:8312,2015-04-13,00:00:00,53.00,54.25,52.75,53.92,0
TADAWUL:8312,2015-04-14,00:00:00,54.25,55.25,54.00,54.74,0
TADAWUL:8312,2015-04-15,00:00:00,55.25,55.25,53.75,53.89,0
TADAWUL:8312,2015-04-16,00:00:00,54.50,54.50,53.25,53.47,0
TADAWUL:8312,2015-04-19,00:00:00,54.25,55.00,54.00,54.27,0
TADAWUL:8312,2015-04-20,00:00:00,54.75,54.75,53.50,53.85,0
TADAWUL:8312,2015-04-21,00:00:00,53.25,54.25,53.00,53.79,0
TADAWUL:8312,2015-04-22,00:00:00,54.50,54.75,53.75,54.14,0
TADAWUL:8312,2015-04-23,00:00:00,54.00,55.00,53.50,54.56,0
TADAWUL:8312,2015-04-27,00:00:00,54.50,55.50,54.25,54.35,0
TADAWUL:8312,2015-04-28,00:00:00,54.50,56.25,54.25,54.71,0
TADAWUL:8312,2015-04-29,00:00:00,55.50,56.00,54.50,54.83,0
TADAWUL:8312,2015-04-30,00:00:00,55.00,56.00,54.00,54.28,0
TADAWUL:8312,2015-05-03,00:00:00,54.25,54.75,52.25,53.07,0
TADAWUL:8312,2015-05-04,00:00:00,53.00,53.75,51.75,52.02,0
TADAWUL:8312,2015-05-05,00:00:00,52.75,53.50,51.00,51.90,0
TADAWUL:8312,2015-05-06,00:00:00,51.75,52.25,51.75,52.17,0
TADAWUL:8312,2015-05-07,00:00:00,51.75,53.00,51.25,52.56,0
TADAWUL:8312,2015-05-10,00:00:00,53.00,53.00,51.50,51.76,0
TADAWUL:8312,2015-05-11,00:00:00,51.75,51.75,50.75,50.95,0
TADAWUL:8312,2015-05-12,00:00:00,50.75,50.75,49.60,49.94,0
TADAWUL:8312,2015-05-13,00:00:00,50.00,51.25,49.70,50.17,0
TADAWUL:8312,2015-05-14,00:00:00,50.00,51.25,50.00,50.65,0
TADAWUL:8312,2015-05-17,00:00:00,51.00,53.50,50.75,52.91,0
TADAWUL:8312,2015-05-18,00:00:00,53.00,55.00,52.00,53.82,0
TADAWUL:8312,2015-05-19,00:00:00,53.50,55.00,53.50,54.76,0
TADAWUL:8312,2015-05-20,00:00:00,55.00,55.75,54.00,54.81,0
TADAWUL:8312,2015-05-21,00:00:00,54.50,55.75,54.25,55.29,0
TADAWUL:8312,2015-05-24,00:00:00,55.75,56.00,54.50,55.51,0
TADAWUL:8312,2015-05-25,00:00:00,55.75,56.00,55.00,55.51,0
TADAWUL:8312,2015-05-26,00:00:00,55.50,56.00,55.00,55.25,0
TADAWUL:8312,2015-05-27,00:00:00,55.25,56.25,54.25,54.51,0
TADAWUL:8312,2015-05-28,00:00:00,54.50,54.75,54.00,54.52,0
TADAWUL:8312,2015-05-31,00:00:00,54.75,54.75,53.50,53.51,0
TADAWUL:8312,2015-06-01,00:00:00,53.75,54.25,53.50,54.10,0
TADAWUL:8312,2015-06-02,00:00:00,54.00,54.75,54.00,54.61,0
TADAWUL:8312,2015-06-03,00:00:00,54.25,55.75,54.25,54.63,0
TADAWUL:8312,2015-06-04,00:00:00,54.75,56.50,52.50,53.27,0
TADAWUL:8312,2015-06-07,00:00:00,52.25,52.75,51.25,52.33,0
TADAWUL:8312,2015-06-08,00:00:00,52.25,52.50,51.00,51.45,0
TADAWUL:8312,2015-06-09,00:00:00,51.25,51.50,49.20,49.94,0
TADAWUL:8312,2015-06-10,00:00:00,50.00,51.50,49.90,51.26,0
TADAWUL:8312,2015-06-11,00:00:00,50.75,50.75,49.00,49.27,0
TADAWUL:8312,2015-06-14,00:00:00,49.30,49.60,48.50,48.91,0
TADAWUL:8312,2015-06-15,00:00:00,49.00,49.20,48.30,48.80,0
TADAWUL:8312,2015-06-16,00:00:00,48.70,49.70,48.70,49.13,0
TADAWUL:8312,2015-06-17,00:00:00,49.70,49.70,48.70,49.00,0
TADAWUL:8312,2015-06-18,00:00:00,48.80,49.00,48.10,48.50,0
TADAWUL:8312,2015-06-21,00:00:00,48.40,48.40,47.70,47.90,0
TADAWUL:8312,2015-06-22,00:00:00,47.90,48.50,47.50,47.92,0
TADAWUL:8312,2015-06-23,00:00:00,48.00,50.75,48.00,49.90,0
TADAWUL:8312,2015-06-24,00:00:00,50.50,51.00,49.30,49.78,0
TADAWUL:8312,2015-06-25,00:00:00,49.70,49.70,48.60,48.82,0
TADAWUL:8312,2015-06-28,00:00:00,48.80,48.80,47.80,48.08,0
TADAWUL:8312,2015-06-29,00:00:00,48.20,48.60,46.60,47.25,0
TADAWUL:8312,2015-06-30,00:00:00,47.30,49.90,47.00,49.32,0
TADAWUL:8312,2015-07-01,00:00:00,50.25,50.50,49.00,49.40,0
TADAWUL:8312,2015-07-02,00:00:00,50.00,50.75,48.10,48.18,0
TADAWUL:8312,2015-07-05,00:00:00,48.50,48.50,46.70,46.86,0
TADAWUL:8312,2015-07-06,00:00:00,46.00,46.30,45.00,45.81,0
TADAWUL:8312,2015-07-07,00:00:00,45.70,46.00,43.70,43.91,0
TADAWUL:8312,2015-07-08,00:00:00,44.30,44.50,43.50,43.68,0
TADAWUL:8312,2015-07-09,00:00:00,43.50,43.80,43.20,43.29,0
TADAWUL:8312,2015-07-12,00:00:00,43.70,45.30,43.60,44.87,0
TADAWUL:8312,2015-07-13,00:00:00,44.70,45.80,44.50,45.50,0
TADAWUL:8312,2015-07-14,00:00:00,46.00,49.60,46.00,48.74,0
TADAWUL:8312,2015-07-15,00:00:00,49.00,49.90,46.00,46.92,0
TADAWUL:8312,2015-07-22,00:00:00,46.80,47.60,46.30,46.44,0
TADAWUL:8312,2015-07-23,00:00:00,46.40,46.50,45.70,45.80,0
TADAWUL:8312,2015-07-26,00:00:00,45.90,45.90,45.10,45.40,0
TADAWUL:8312,2015-07-27,00:00:00,45.20,45.30,43.90,43.91,0
TADAWUL:8312,2015-07-28,00:00:00,43.80,44.10,43.40,43.46,0
TADAWUL:8312,2015-07-29,00:00:00,44.20,45.50,44.10,44.36,0
TADAWUL:8312,2015-07-30,00:00:00,44.10,44.40,43.60,43.67,0
TADAWUL:8312,2015-08-02,00:00:00,43.80,43.90,41.10,41.18,0
TADAWUL:8312,2015-08-03,00:00:00,40.80,41.10,39.40,39.82,0
TADAWUL:8312,2015-08-04,00:00:00,40.00,40.00,38.50,39.03,0
TADAWUL:8312,2015-08-05,00:00:00,24.00,25.10,24.00,25.10,0
TADAWUL:8312,2015-08-06,00:00:00,26.40,27.60,26.10,27.60,0
TADAWUL:8312,2015-08-09,00:00:00,27.50,29.20,26.70,27.55,0
TADAWUL:8312,2015-08-10,00:00:00,27.00,27.40,25.20,25.49,0
TADAWUL:8312,2015-08-11,00:00:00,25.30,27.30,25.00,25.97,0
TADAWUL:8312,2015-08-12,00:00:00,25.60,26.60,25.00,25.36,0
TADAWUL:8312,2015-08-13,00:00:00,25.60,26.00,24.75,24.86,0
TADAWUL:8312,2015-08-16,00:00:00,24.70,25.20,22.90,23.07,0
TADAWUL:8312,2015-08-17,00:00:00,23.20,23.45,21.80,21.89,0
TADAWUL:8312,2015-08-18,00:00:00,21.80,21.90,19.75,19.75,0
TADAWUL:8312,2015-08-19,00:00:00,19.40,19.80,18.00,18.25,0
TADAWUL:8312,2015-08-20,00:00:00,17.90,20.05,17.05,19.88,0
TADAWUL:8312,2015-08-23,00:00:00,18.10,21.50,18.00,20.36,0
TADAWUL:8312,2015-08-24,00:00:00,19.95,21.10,19.05,19.51,0
TADAWUL:8312,2015-08-25,00:00:00,20.10,20.70,19.15,20.46,0
TADAWUL:8312,2015-08-26,00:00:00,20.00,20.30,18.55,18.78,0
TADAWUL:8312,2015-08-27,00:00:00,19.15,19.60,18.00,18.11,0
TADAWUL:8312,2015-08-30,00:00:00,18.80,18.90,17.80,18.02,0
TADAWUL:8312,2015-08-31,00:00:00,17.75,18.90,17.65,18.23,0
TADAWUL:8312,2015-09-01,00:00:00,18.20,18.40,17.80,17.84,0
TADAWUL:8312,2015-09-02,00:00:00,17.40,17.80,17.25,17.71,0
TADAWUL:8312,2015-09-03,00:00:00,17.85,18.20,17.65,17.68,0
TADAWUL:8312,2015-09-06,00:00:00,17.40,18.30,17.05,18.08,0
TADAWUL:8312,2015-09-07,00:00:00,18.25,18.50,18.00,18.16,0
TADAWUL:8312,2015-09-08,00:00:00,18.20,18.40,18.10,18.28,0
TADAWUL:8312,2015-09-09,00:00:00,18.35,18.90,18.30,18.81,0
TADAWUL:8312,2015-09-10,00:00:00,18.95,18.95,18.55,18.61,0
TADAWUL:8312,2015-09-13,00:00:00,18.60,18.70,18.45,18.54,0
TADAWUL:8312,2015-09-14,00:00:00,19.10,19.55,18.55,18.62,0
TADAWUL:8312,2015-09-15,00:00:00,18.60,18.70,18.20,18.28,0
TADAWUL:8312,2015-09-16,00:00:00,18.35,18.40,18.00,18.04,0
TADAWUL:8312,2015-09-17,00:00:00,18.20,18.30,17.85,17.86,0
TADAWUL:8312,2015-09-20,00:00:00,17.90,17.90,17.15,17.30,0
TADAWUL:8312,2015-09-21,00:00:00,17.35,17.60,17.05,17.23,0
TADAWUL:8312,2015-09-29,00:00:00,17.30,17.30,16.80,17.03,0
TADAWUL:8312,2015-09-30,00:00:00,17.10,17.25,17.00,17.18,0
TADAWUL:8312,2015-10-01,00:00:00,17.35,17.55,17.05,17.12,0
TADAWUL:8312,2015-10-04,00:00:00,17.25,17.85,17.15,17.48,0
TADAWUL:8312,2015-10-05,00:00:00,17.70,18.00,17.70,17.86,0
TADAWUL:8312,2015-10-06,00:00:00,17.85,18.10,17.80,18.00,0
TADAWUL:8312,2015-10-07,00:00:00,18.10,18.30,18.00,18.17,0
TADAWUL:8312,2015-10-08,00:00:00,18.30,18.70,18.20,18.30,0
TADAWUL:8312,2015-10-11,00:00:00,18.40,18.50,18.35,18.40,0
TADAWUL:8312,2015-10-12,00:00:00,18.45,18.60,18.25,18.32,0
TADAWUL:8312,2015-10-13,00:00:00,18.00,19.00,18.00,18.62,0
TADAWUL:8312,2015-10-14,00:00:00,18.80,19.00,18.40,18.54,0
TADAWUL:8312,2015-10-15,00:00:00,18.50,18.55,18.30,18.35,0
TADAWUL:8312,2015-10-18,00:00:00,18.50,18.65,18.35,18.58,0
TADAWUL:8312,2015-10-19,00:00:00,18.60,18.90,18.60,18.77,0
TADAWUL:8312,2015-10-20,00:00:00,18.10,18.40,17.60,17.62,0
TADAWUL:8312,2015-10-21,00:00:00,17.65,17.75,16.95,17.07,0
TADAWUL:8312,2015-10-22,00:00:00,17.00,17.10,16.60,16.79,0
TADAWUL:8312,2015-10-25,00:00:00,17.00,17.30,16.65,16.83,0
TADAWUL:8312,2015-10-26,00:00:00,16.95,17.45,16.80,17.33,0
TADAWUL:8312,2015-10-27,00:00:00,17.40,17.50,16.00,16.53,0
TADAWUL:8312,2015-10-28,00:00:00,16.30,16.95,16.10,16.82,0
TADAWUL:8312,2015-10-29,00:00:00,17.00,17.00,16.65,16.71,0
TADAWUL:8312,2015-11-01,00:00:00,16.15,16.40,16.00,16.26,0
TADAWUL:8312,2015-11-02,00:00:00,16.25,16.65,16.25,16.50,0
TADAWUL:8312,2015-11-03,00:00:00,16.55,17.00,16.40,16.49,0
TADAWUL:8312,2015-11-04,00:00:00,16.70,17.55,16.35,17.02,0
TADAWUL:8312,2015-11-05,00:00:00,17.00,17.45,16.80,16.95,0
TADAWUL:8312,2015-11-08,00:00:00,17.00,17.30,16.50,17.10,0
TADAWUL:8312,2015-11-09,00:00:00,17.25,17.85,17.10,17.77,0
TADAWUL:8312,2015-11-10,00:00:00,17.75,18.45,17.50,17.95,0
TADAWUL:8312,2015-11-11,00:00:00,18.00,19.65,17.80,18.88,0
TADAWUL:8312,2015-11-12,00:00:00,19.10,19.50,18.70,18.90,0
TADAWUL:8312,2015-11-15,00:00:00,18.50,20.75,18.00,20.20,0
TADAWUL:8312,2015-11-16,00:00:00,19.95,21.40,19.55,19.65,0
TADAWUL:8312,2015-11-17,00:00:00,19.70,20.25,19.45,19.82,0
TADAWUL:8312,2015-11-18,00:00:00,19.60,21.80,19.60,21.80,0
TADAWUL:8312,2015-11-19,00:00:00,22.50,22.70,20.95,21.10,0
TADAWUL:8312,2015-11-22,00:00:00,21.30,23.20,21.10,23.20,0
TADAWUL:8312,2015-11-23,00:00:00,24.00,24.90,20.90,20.99,0
TADAWUL:8312,2015-11-24,00:00:00,21.05,22.30,21.05,21.66,0
TADAWUL:8312,2015-11-25,00:00:00,21.75,22.10,21.45,21.52,0
TADAWUL:8312,2015-11-26,00:00:00,21.25,21.65,20.90,21.01,0
TADAWUL:8312,2015-11-29,00:00:00,21.00,23.05,20.95,22.79,0
TADAWUL:8312,2015-11-30,00:00:00,23.20,24.65,22.90,24.20,0
TADAWUL:8312,2015-12-01,00:00:00,24.25,26.10,24.20,24.73,0
TADAWUL:8312,2015-12-02,00:00:00,24.95,25.00,23.50,23.86,0
TADAWUL:8312,2015-12-03,00:00:00,23.95,24.85,23.10,23.52,0
TADAWUL:8312,2015-12-06,00:00:00,23.50,24.30,23.30,23.71,0
TADAWUL:8312,2015-12-07,00:00:00,23.80,24.00,22.90,23.36,0
TADAWUL:8312,2015-12-08,00:00:00,23.00,24.25,22.80,23.37,0
TADAWUL:8312,2015-12-09,00:00:00,23.65,24.70,23.40,24.10,0
TADAWUL:8312,2015-12-10,00:00:00,24.10,26.20,24.10,24.79,0
TADAWUL:8312,2015-12-13,00:00:00,24.50,25.60,23.95,25.35,0
TADAWUL:8312,2015-12-14,00:00:00,25.90,27.00,22.90,23.08,0
TADAWUL:8312,2015-12-15,00:00:00,23.50,24.20,22.95,23.24,0
TADAWUL:8312,2015-12-16,00:00:00,23.70,24.00,22.90,22.96,0
TADAWUL:8312,2015-12-17,00:00:00,23.25,23.65,22.95,23.03,0
TADAWUL:8312,2015-12-20,00:00:00,22.95,23.30,22.30,22.52,0
TADAWUL:8312,2015-12-21,00:00:00,22.40,24.75,21.65,24.75,0
TADAWUL:8312,2015-12-22,00:00:00,25.50,26.50,24.35,24.52,0
TADAWUL:8312,2015-12-23,00:00:00,24.80,24.80,23.20,23.33,0
TADAWUL:8312,2015-12-24,00:00:00,23.50,24.15,23.05,23.19,0
TADAWUL:8312,2015-12-27,00:00:00,23.25,23.55,22.85,23.05,0
TADAWUL:8312,2015-12-28,00:00:00,23.00,23.65,22.80,23.01,0
TADAWUL:8312,2015-12-29,00:00:00,22.90,25.30,22.55,25.30,0
TADAWUL:8312,2015-12-30,00:00:00,25.80,26.00,23.90,24.05,0
TADAWUL:8312,2015-12-31,00:00:00,24.00,24.55,23.85,24.05,0
TADAWUL:8312,2016-01-03,00:00:00,24.15,24.60,24.15,24.33,0
TADAWUL:8312,2016-01-04,00:00:00,24.30,24.55,22.95,23.12,0
TADAWUL:8312,2016-01-05,00:00:00,23.15,24.40,22.95,24.22,0
TADAWUL:8312,2016-01-06,00:00:00,24.40,24.60,22.90,23.42,0
TADAWUL:8312,2016-01-07,00:00:00,22.90,23.20,21.25,21.82,0
TADAWUL:8312,2016-01-10,00:00:00,22.30,22.45,20.50,20.70,0
TADAWUL:8312,2016-01-11,00:00:00,20.80,21.20,19.75,21.00,0
TADAWUL:8312,2016-01-12,00:00:00,20.50,20.90,19.95,20.05,0
TADAWUL:8312,2016-01-13,00:00:00,20.25,20.40,18.55,18.68,0
TADAWUL:8312,2016-01-14,00:00:00,18.00,18.05,16.85,16.85,0
TADAWUL:8312,2016-01-17,00:00:00,15.20,15.80,15.20,15.20,0
TADAWUL:8312,2016-01-18,00:00:00,14.00,15.60,14.00,15.02,0
TADAWUL:8312,2016-01-19,00:00:00,15.50,16.30,15.35,16.01,0
TADAWUL:8312,2016-01-20,00:00:00,15.30,15.30,14.45,14.45,0
TADAWUL:8312,2016-01-21,00:00:00,13.60,14.50,13.60,14.21,0
TADAWUL:8312,2016-01-24,00:00:00,15.50,15.50,14.75,14.79,0
TADAWUL:8312,2016-01-25,00:00:00,14.85,15.20,14.40,14.82,0
TADAWUL:8312,2016-01-26,00:00:00,14.40,16.30,14.30,16.02,0
TADAWUL:8312,2016-01-27,00:00:00,16.10,16.65,16.00,16.10,0
TADAWUL:8312,2016-01-28,00:00:00,16.25,16.75,16.20,16.32,0
TADAWUL:8312,2016-01-31,00:00:00,16.80,17.95,16.70,17.95,0
TADAWUL:8312,2016-02-01,00:00:00,17.95,19.70,17.90,19.70,0
TADAWUL:8312,2016-02-02,00:00:00,20.30,21.60,18.75,18.86,0
TADAWUL:8312,2016-02-03,00:00:00,19.00,20.05,18.55,19.91,0
TADAWUL:8312,2016-02-04,00:00:00,20.50,21.85,20.30,21.15,0
TADAWUL:8312,2016-02-07,00:00:00,21.00,22.15,19.90,20.09,0
TADAWUL:8312,2016-02-08,00:00:00,20.40,20.85,19.40,19.56,0
TADAWUL:8312,2016-02-09,00:00:00,19.10,20.15,19.00,19.21,0
TADAWUL:8312,2016-02-10,00:00:00,19.00,19.55,18.85,19.15,0
TADAWUL:8312,2016-02-11,00:00:00,19.00,19.35,17.25,17.25,0
TADAWUL:8312,2016-02-14,00:00:00,17.90,18.30,15.60,15.74,0
TADAWUL:8312,2016-02-15,00:00:00,16.05,17.30,15.75,16.78,0
TADAWUL:8312,2016-02-16,00:00:00,17.50,17.70,16.75,17.14,0
TADAWUL:8312,2016-02-17,00:00:00,17.50,18.10,17.30,17.77,0
TADAWUL:8312,2016-02-18,00:00:00,18.10,18.25,17.80,17.84,0
TADAWUL:8312,2016-02-21,00:00:00,17.60,18.40,17.60,18.18,0
TADAWUL:8312,2016-02-22,00:00:00,18.45,18.75,18.35,18.66,0
TADAWUL:8312,2016-02-23,00:00:00,18.95,20.00,18.90,19.32,0
TADAWUL:8312,2016-02-24,00:00:00,19.30,19.30,18.15,18.29,0
TADAWUL:8312,2016-02-25,00:00:00,19.50,20.10,19.00,19.14,0
TADAWUL:8312,2016-02-28,00:00:00,19.80,19.95,19.55,19.68,0
TADAWUL:8312,2016-02-29,00:00:00,19.65,20.80,19.65,19.89,0
TADAWUL:8312,2016-03-01,00:00:00,20.30,20.40,19.90,20.02,0
TADAWUL:8312,2016-03-02,00:00:00,20.15,20.60,19.90,20.37,0
TADAWUL:8312,2016-03-03,00:00:00,20.50,20.85,20.10,20.21,0
TADAWUL:8312,2016-03-06,00:00:00,20.45,21.05,20.40,20.60,0
TADAWUL:8312,2016-03-07,00:00:00,20.70,21.25,20.45,20.92,0
TADAWUL:8312,2016-03-08,00:00:00,21.00,21.40,20.85,20.90,0
TADAWUL:8312,2016-03-09,00:00:00,20.75,21.15,20.60,20.83,0
TADAWUL:8312,2016-03-10,00:00:00,21.00,21.25,20.70,21.01,0
TADAWUL:8312,2016-03-13,00:00:00,21.25,21.60,21.15,21.35,0
TADAWUL:8312,2016-03-14,00:00:00,21.45,21.85,20.95,21.00,0
TADAWUL:8312,2016-03-15,00:00:00,21.20,22.00,20.95,21.61,0
TADAWUL:8312,2016-03-16,00:00:00,22.10,22.30,21.60,22.00,0
TADAWUL:8312,2016-03-17,00:00:00,22.15,22.50,22.00,22.13,0
TADAWUL:8312,2016-03-20,00:00:00,22.30,23.05,22.25,22.78,0
TADAWUL:8312,2016-03-21,00:00:00,22.80,23.05,22.25,22.44,0
TADAWUL:8312,2016-03-22,00:00:00,22.40,22.80,21.90,22.12,0
TADAWUL:8312,2016-03-23,00:00:00,22.55,22.75,22.30,22.33,0
TADAWUL:8312,2016-03-24,00:00:00,22.25,22.30,21.50,21.66,0
TADAWUL:8312,2016-03-27,00:00:00,21.50,21.75,20.95,21.03,0
TADAWUL:8312,2016-03-28,00:00:00,21.15,21.30,20.50,20.80,0
TADAWUL:8312,2016-03-29,00:00:00,20.60,20.80,20.40,20.58,0
TADAWUL:8312,2016-03-30,00:00:00,20.65,21.20,20.50,21.05,0
TADAWUL:8312,2016-03-31,00:00:00,20.30,20.75,19.25,19.46,0
TADAWUL:8312,2016-04-03,00:00:00,19.00,19.35,17.55,18.02,0
TADAWUL:8312,2016-04-04,00:00:00,18.05,19.15,18.05,18.94,0
TADAWUL:8312,2016-04-05,00:00:00,18.95,19.05,18.50,18.89,0
TADAWUL:8312,2016-04-06,00:00:00,19.15,19.60,19.10,19.25,0
TADAWUL:8312,2016-04-07,00:00:00,19.40,19.50,19.05,19.14,0
TADAWUL:8312,2016-04-10,00:00:00,19.45,21.05,19.35,20.52,0
TADAWUL:8312,2016-04-11,00:00:00,20.60,20.80,20.10,20.13,0
TADAWUL:8312,2016-04-12,00:00:00,20.30,20.55,20.20,20.32,0
TADAWUL:8312,2016-04-13,00:00:00,20.35,20.50,20.20,20.23,0
TADAWUL:8312,2016-04-14,00:00:00,20.05,20.20,19.65,19.79,0
TADAWUL:8312,2016-04-17,00:00:00,19.80,19.90,19.30,19.39,0
TADAWUL:8312,2016-04-18,00:00:00,19.20,20.75,18.90,20.25,0
TADAWUL:8312,2016-04-19,00:00:00,20.25,21.10,19.95,20.29,0
TADAWUL:8312,2016-04-20,00:00:00,20.30,21.00,20.20,20.50,0
TADAWUL:8312,2016-04-21,00:00:00,20.70,20.80,19.85,19.87,0
TADAWUL:8312,2016-04-24,00:00:00,20.00,20.40,19.85,20.16,0
TADAWUL:8312,2016-04-25,00:00:00,20.30,20.70,20.20,20.49,0
TADAWUL:8312,2016-04-26,00:00:00,20.75,20.75,20.35,20.54,0
TADAWUL:8312,2016-04-27,00:00:00,20.60,21.10,20.50,20.69,0
TADAWUL:8312,2016-04-28,00:00:00,20.80,20.85,20.30,20.35,0
TADAWUL:8312,2016-05-01,00:00:00,20.25,20.60,20.10,20.36,0
TADAWUL:8312,2016-05-02,00:00:00,20.70,21.30,20.70,20.81,0
TADAWUL:8312,2016-05-03,00:00:00,20.85,21.00,20.05,20.33,0
TADAWUL:8312,2016-05-04,00:00:00,20.05,20.55,20.05,20.26,0
TADAWUL:8312,2016-05-05,00:00:00,20.55,20.65,20.35,20.37,0
TADAWUL:8312,2016-05-08,00:00:00,20.50,21.00,20.50,20.83,0
TADAWUL:8312,2016-05-09,00:00:00,21.05,21.40,20.90,21.11,0
TADAWUL:8312,2016-05-10,00:00:00,21.10,21.10,20.50,20.55,0
TADAWUL:8312,2016-05-11,00:00:00,20.65,20.85,20.35,20.45,0
TADAWUL:8312,2016-05-12,00:00:00,20.10,20.60,20.10,20.29,0
TADAWUL:8312,2016-05-15,00:00:00,20.40,22.00,20.40,21.19,0
TADAWUL:8312,2016-05-16,00:00:00,21.35,21.45,20.70,20.99,0
TADAWUL:8312,2016-05-17,00:00:00,21.15,21.80,21.00,21.38,0
TADAWUL:8312,2016-05-18,00:00:00,21.40,21.95,21.30,21.44,0
TADAWUL:8312,2016-05-19,00:00:00,21.50,21.50,20.90,20.96,0
TADAWUL:8312,2016-05-22,00:00:00,21.05,21.15,20.20,20.26,0
TADAWUL:8312,2016-05-23,00:00:00,20.15,20.25,18.40,18.71,0
TADAWUL:8312,2016-05-24,00:00:00,18.70,19.25,18.40,19.12,0
TADAWUL:8312,2016-05-25,00:00:00,19.50,19.80,19.25,19.42,0
TADAWUL:8312,2016-05-26,00:00:00,19.60,19.70,18.75,18.82,0
TADAWUL:8312,2016-05-29,00:00:00,18.90,19.50,18.60,19.03,0
TADAWUL:8312,2016-05-30,00:00:00,19.05,19.15,18.25,18.37,0
TADAWUL:8312,2016-05-31,00:00:00,18.55,18.80,18.40,18.65,0
TADAWUL:8312,2016-06-01,00:00:00,18.60,19.35,18.55,18.93,0
TADAWUL:8312,2016-06-02,00:00:00,19.05,19.10,18.70,18.75,0
TADAWUL:8312,2016-06-05,00:00:00,18.80,18.90,18.45,18.47,0
TADAWUL:8312,2016-06-06,00:00:00,18.60,18.80,18.40,18.66,0
TADAWUL:8312,2016-06-07,00:00:00,18.80,18.90,18.75,18.87,0
TADAWUL:8312,2016-06-08,00:00:00,18.90,19.15,18.85,19.06,0
TADAWUL:8312,2016-06-09,00:00:00,19.05,19.65,19.00,19.14,0
TADAWUL:8312,2016-06-12,00:00:00,18.80,19.30,18.80,19.02,0
TADAWUL:8312,2016-06-13,00:00:00,18.90,19.30,18.90,19.14,0
TADAWUL:8312,2016-06-14,00:00:00,19.05,19.70,19.05,19.54,0
TADAWUL:8312,2016-06-15,00:00:00,19.60,19.80,19.20,19.42,0
TADAWUL:8312,2016-06-16,00:00:00,19.25,19.40,19.00,19.00,0
TADAWUL:8312,2016-06-19,00:00:00,19.10,19.20,18.80,18.89,0
TADAWUL:8312,2016-06-20,00:00:00,18.90,19.15,18.80,18.85,0
TADAWUL:8312,2016-06-21,00:00:00,18.95,18.95,18.70,18.76,0
TADAWUL:8312,2016-06-22,00:00:00,18.80,18.85,18.45,18.46,0
TADAWUL:8312,2016-06-23,00:00:00,18.50,18.70,18.25,18.61,0
TADAWUL:8312,2016-06-26,00:00:00,17.00,18.00,16.90,17.96,0
TADAWUL:8312,2016-06-27,00:00:00,18.20,18.30,17.95,18.03,0
TADAWUL:8312,2016-06-28,00:00:00,18.00,18.15,18.00,18.06,0
TADAWUL:8312,2016-06-29,00:00:00,18.20,18.35,18.00,18.10,0
TADAWUL:8312,2016-06-30,00:00:00,18.20,18.90,18.00,18.11,0
TADAWUL:8312,2016-07-10,00:00:00,18.35,18.50,18.25,18.34,0
TADAWUL:8312,2016-07-11,00:00:00,18.40,18.70,18.35,18.51,0
TADAWUL:8312,2016-07-12,00:00:00,18.60,18.95,18.55,18.81,0
TADAWUL:8312,2016-07-13,00:00:00,18.95,19.05,18.75,18.80,0
TADAWUL:8312,2016-07-14,00:00:00,18.75,19.20,18.70,18.94,0
TADAWUL:8312,2016-07-17,00:00:00,19.15,19.65,19.00,19.48,0
TADAWUL:8312,2016-07-18,00:00:00,19.25,20.15,19.25,19.70,0
TADAWUL:8312,2016-07-19,00:00:00,19.85,20.60,19.75,20.10,0
TADAWUL:8312,2016-07-20,00:00:00,20.20,20.70,20.05,20.45,0
TADAWUL:8312,2016-07-21,00:00:00,20.50,21.10,19.95,20.02,0
TADAWUL:8312,2016-07-24,00:00:00,19.75,20.50,19.50,20.27,0
TADAWUL:8312,2016-07-25,00:00:00,20.05,21.00,19.70,19.89,0
TADAWUL:8312,2016-07-26,00:00:00,20.00,20.00,19.25,19.38,0
TADAWUL:8312,2016-07-27,00:00:00,19.35,19.55,18.75,19.20,0
TADAWUL:8312,2016-07-28,00:00:00,19.10,19.25,18.75,18.87,0
TADAWUL:8312,2016-07-31,00:00:00,18.80,19.20,18.50,18.75,0
TADAWUL:8312,2016-08-01,00:00:00,18.85,19.05,18.60,18.70,0
TADAWUL:8312,2016-08-02,00:00:00,18.70,18.70,17.75,18.40,0
TADAWUL:8312,2016-08-03,00:00:00,18.40,18.40,18.05,18.16,0
TADAWUL:8312,2016-08-04,00:00:00,18.30,18.40,17.80,17.88,0
TADAWUL:8312,2016-08-07,00:00:00,17.95,18.20,17.80,17.82,0
TADAWUL:8312,2016-08-08,00:00:00,17.90,17.95,17.65,17.70,0
TADAWUL:8312,2016-08-09,00:00:00,17.80,18.10,17.80,17.99,0
TADAWUL:8312,2016-08-10,00:00:00,18.05,18.70,17.95,18.55,0
TADAWUL:8312,2016-08-11,00:00:00,18.50,19.20,18.35,19.05,0
TADAWUL:8312,2016-08-14,00:00:00,19.20,19.30,18.60,18.80,0
TADAWUL:8312,2016-08-15,00:00:00,18.75,19.15,18.65,19.03,0
TADAWUL:8312,2016-08-16,00:00:00,19.10,19.10,18.80,18.82,0
TADAWUL:8312,2016-08-17,00:00:00,18.95,18.95,18.00,18.14,0
TADAWUL:8312,2016-08-18,00:00:00,18.20,18.30,17.60,18.03,0
TADAWUL:8312,2016-08-21,00:00:00,18.15,18.25,17.65,17.76,0
TADAWUL:8312,2016-08-22,00:00:00,17.80,17.80,17.05,17.17,0
TADAWUL:8312,2016-08-23,00:00:00,17.20,17.85,16.90,17.44,0
TADAWUL:8312,2016-08-24,00:00:00,17.55,17.65,16.55,16.67,0
TADAWUL:8312,2016-08-25,00:00:00,16.95,17.45,16.00,16.92,0
TADAWUL:8312,2016-08-28,00:00:00,16.80,17.20,16.80,17.14,0
TADAWUL:8312,2016-08-29,00:00:00,17.45,17.45,16.85,16.93,0
TADAWUL:8312,2016-08-30,00:00:00,16.75,17.05,16.75,16.91,0
TADAWUL:8312,2016-08-31,00:00:00,17.00,17.00,16.55,16.57,0
TADAWUL:8312,2016-09-01,00:00:00,16.60,16.60,15.70,15.89,0
TADAWUL:8312,2016-09-04,00:00:00,16.05,16.30,15.85,16.28,0
TADAWUL:8312,2016-09-05,00:00:00,16.35,17.80,16.35,17.49,0
TADAWUL:8312,2016-09-06,00:00:00,17.50,17.80,16.85,16.99,0
TADAWUL:8312,2016-09-07,00:00:00,17.10,17.10,16.70,16.81,0
TADAWUL:8312,2016-09-08,00:00:00,16.90,17.00,16.80,16.83,0
TADAWUL:8312,2016-09-18,00:00:00,16.75,16.90,16.60,16.59,0
TADAWUL:8312,2016-09-19,00:00:00,16.60,16.90,15.00,15.31,0
TADAWUL:8312,2016-09-20,00:00:00,15.35,15.60,15.00,15.39,0
TADAWUL:8312,2016-09-21,00:00:00,15.55,15.70,15.30,15.49,0
TADAWUL:8312,2016-09-25,00:00:00,15.50,16.05,15.20,15.91,0
TADAWUL:8312,2016-09-26,00:00:00,15.95,17.50,15.95,17.48,0
TADAWUL:8312,2016-09-27,00:00:00,16.80,17.40,15.80,16.23,0
TADAWUL:8312,2016-09-28,00:00:00,16.20,16.55,14.90,15.30,0
TADAWUL:8312,2016-09-29,00:00:00,15.15,16.70,15.10,16.26,0
TADAWUL:8312,2016-10-02,00:00:00,16.50,16.80,14.70,16.10,0
TADAWUL:8312,2016-10-03,00:00:00,16.05,16.35,15.00,15.95,0
TADAWUL:8312,2016-10-04,00:00:00,15.80,16.60,15.80,16.53,0
TADAWUL:8312,2016-10-05,00:00:00,16.55,16.60,16.20,16.34,0
TADAWUL:8312,2016-10-06,00:00:00,16.35,16.60,16.30,16.33,0
TADAWUL:8312,2016-10-09,00:00:00,16.40,16.75,15.95,16.42,0
TADAWUL:8312,2016-10-10,00:00:00,16.20,16.40,16.05,16.24,0
TADAWUL:8312,2016-10-11,00:00:00,16.25,16.60,16.20,16.22,0
TADAWUL:8312,2016-10-12,00:00:00,16.30,16.30,15.95,16.00,0
TADAWUL:8312,2016-10-13,00:00:00,15.90,16.20,15.60,15.72,0
TADAWUL:8312,2016-10-16,00:00:00,15.70,15.90,15.15,15.24,0
TADAWUL:8312,2016-10-17,00:00:00,15.40,15.55,14.90,15.35,0
TADAWUL:8312,2016-10-18,00:00:00,15.35,15.45,13.85,14.31,0
TADAWUL:8312,2016-10-19,00:00:00,14.50,14.80,13.70,14.45,0
TADAWUL:8312,2016-10-20,00:00:00,14.65,15.00,14.35,14.67,0
TADAWUL:8312,2016-10-23,00:00:00,14.80,15.05,14.65,14.91,0
TADAWUL:8312,2016-10-24,00:00:00,15.00,15.20,14.85,14.98,0
TADAWUL:8312,2016-10-25,00:00:00,15.05,15.40,15.00,15.15,0
TADAWUL:8312,2016-10-26,00:00:00,15.05,15.20,14.95,14.98,0
TADAWUL:8312,2016-10-27,00:00:00,15.00,15.15,14.75,15.00,0
TADAWUL:8312,2016-10-30,00:00:00,14.95,15.30,14.90,15.14,0
TADAWUL:8312,2016-10-31,00:00:00,15.20,15.60,15.20,15.24,0
TADAWUL:8312,2016-11-01,00:00:00,15.25,15.30,15.00,15.07,0
TADAWUL:8312,2016-11-02,00:00:00,15.00,15.35,14.80,14.89,0
TADAWUL:8312,2016-11-03,00:00:00,14.95,15.15,14.95,15.00,0
TADAWUL:8312,2016-11-06,00:00:00,15.05,15.25,15.00,15.07,0
TADAWUL:8312,2016-11-07,00:00:00,15.10,15.55,15.10,15.32,0
TADAWUL:8312,2016-11-08,00:00:00,15.40,15.50,15.30,15.37,0
TADAWUL:8312,2016-11-09,00:00:00,14.85,15.55,14.70,15.44,0
TADAWUL:8312,2016-11-10,00:00:00,15.55,15.95,15.55,15.73,0
TADAWUL:8312,2016-11-13,00:00:00,15.75,16.35,15.70,16.22,0
TADAWUL:8312,2016-11-14,00:00:00,16.30,16.90,15.90,16.25,0
TADAWUL:8312,2016-11-15,00:00:00,16.10,16.40,15.35,15.89,0
TADAWUL:8312,2016-11-16,00:00:00,16.10,16.40,16.00,16.28,0
TADAWUL:8312,2016-11-17,00:00:00,16.35,16.60,16.15,16.37,0
TADAWUL:8312,2016-11-20,00:00:00,16.35,17.10,16.35,16.87,0
TADAWUL:8312,2016-11-21,00:00:00,17.05,17.65,16.90,17.00,0
TADAWUL:8312,2016-11-22,00:00:00,16.50,16.85,15.35,16.20,0
TADAWUL:8312,2016-11-23,00:00:00,16.25,16.60,16.20,16.43,0
TADAWUL:8312,2016-11-24,00:00:00,16.45,16.60,16.00,16.20,0
TADAWUL:8312,2016-11-27,00:00:00,16.20,16.50,16.15,16.36,0
TADAWUL:8312,2016-11-28,00:00:00,16.40,16.85,16.40,16.67,0
TADAWUL:8312,2016-11-29,00:00:00,16.65,16.95,16.30,16.33,0
TADAWUL:8312,2016-11-30,00:00:00,16.40,16.60,16.40,16.50,0
TADAWUL:8312,2016-12-01,00:00:00,16.65,16.75,16.55,16.60,0
TADAWUL:8312,2016-12-04,00:00:00,16.75,17.20,16.45,17.11,0
TADAWUL:8312,2016-12-05,00:00:00,17.25,17.85,17.20,17.50,0
TADAWUL:8312,2016-12-06,00:00:00,17.60,17.90,17.40,17.82,0
TADAWUL:8312,2016-12-07,00:00:00,17.95,17.95,17.40,17.47,0
TADAWUL:8312,2016-12-08,00:00:00,17.45,17.65,17.35,17.51,0
TADAWUL:8312,2016-12-11,00:00:00,17.60,18.30,17.60,18.20,0
TADAWUL:8312,2016-12-12,00:00:00,18.40,18.70,17.60,17.74,0
TADAWUL:8312,2016-12-13,00:00:00,17.60,17.90,17.30,17.41,0
TADAWUL:8312,2016-12-14,00:00:00,17.50,17.75,17.05,17.11,0
TADAWUL:8312,2016-12-15,00:00:00,17.05,17.25,16.80,17.23,0
TADAWUL:8312,2016-12-18,00:00:00,17.45,18.45,17.40,18.20,0
TADAWUL:8312,2016-12-19,00:00:00,18.20,18.30,17.50,17.59,0
TADAWUL:8312,2016-12-20,00:00:00,17.50,17.75,17.20,17.55,0
TADAWUL:8312,2016-12-21,00:00:00,17.75,18.00,17.40,17.95,0
TADAWUL:8312,2016-12-22,00:00:00,18.15,18.55,18.10,18.19,0
TADAWUL:8312,2016-12-25,00:00:00,18.50,18.60,18.30,18.46,0
TADAWUL:8312,2016-12-26,00:00:00,18.65,19.45,18.50,18.85,0
TADAWUL:8312,2016-12-27,00:00:00,18.95,19.05,18.70,18.95,0
TADAWUL:8312,2016-12-28,00:00:00,19.05,19.50,18.90,19.05,0
TADAWUL:8312,2016-12-29,00:00:00,19.00,19.20,18.80,18.88,0
TADAWUL:8312,2017-01-01,00:00:00,19.20,19.20,18.85,18.90,0
TADAWUL:8312,2017-01-02,00:00:00,19.00,19.00,18.75,18.78,0
TADAWUL:8312,2017-01-03,00:00:00,18.85,19.10,18.45,18.90,0
TADAWUL:8312,2017-01-04,00:00:00,19.05,19.15,18.70,18.87,0
TADAWUL:8312,2017-01-05,00:00:00,18.75,19.00,18.65,18.78,0
TADAWUL:8312,2017-01-08,00:00:00,18.75,19.40,18.60,19.08,0
TADAWUL:8312,2017-01-09,00:00:00,19.25,19.35,18.00,18.65,0
TADAWUL:8312,2017-01-10,00:00:00,18.55,18.55,18.10,18.27,0
TADAWUL:8312,2017-01-11,00:00:00,18.35,18.40,17.65,17.89,0
TADAWUL:8312,2017-01-12,00:00:00,17.90,18.10,17.65,17.87,0
TADAWUL:8312,2017-01-15,00:00:00,17.95,18.50,17.90,18.40,0
TADAWUL:8312,2017-01-16,00:00:00,18.45,18.55,18.00,18.03,0
TADAWUL:8312,2017-01-17,00:00:00,18.15,18.90,18.15,18.54,0
TADAWUL:8312,2017-01-18,00:00:00,18.70,18.95,18.00,18.18,0
TADAWUL:8312,2017-01-19,00:00:00,18.15,18.30,17.80,18.00,0
TADAWUL:8312,2017-01-22,00:00:00,18.10,18.45,18.00,18.34,0
TADAWUL:8312,2017-01-23,00:00:00,18.50,18.95,18.50,18.78,0
TADAWUL:8312,2017-01-24,00:00:00,18.95,19.30,18.85,19.09,0
TADAWUL:8312,2017-01-25,00:00:00,19.15,19.95,19.00,19.32,0
TADAWUL:8312,2017-01-26,00:00:00,19.35,19.45,19.05,19.12,0
TADAWUL:8312,2017-01-29,00:00:00,19.10,19.40,19.05,19.22,0
TADAWUL:8312,2017-01-30,00:00:00,19.30,19.65,19.20,19.34,0
TADAWUL:8312,2017-01-31,00:00:00,19.35,20.20,19.35,19.76,0
TADAWUL:8312,2017-02-01,00:00:00,19.90,20.15,19.80,19.94,0
TADAWUL:8312,2017-02-02,00:00:00,19.95,20.05,19.80,19.84,0
TADAWUL:8312,2017-02-05,00:00:00,19.90,20.25,19.75,19.82,0
TADAWUL:8312,2017-02-06,00:00:00,19.80,20.30,19.70,20.15,0
TADAWUL:8312,2017-02-07,00:00:00,20.30,20.55,20.15,20.32,0
TADAWUL:8312,2017-02-08,00:00:00,20.35,20.35,19.65,19.86,0
TADAWUL:8312,2017-02-09,00:00:00,19.80,19.90,19.00,19.60,0
TADAWUL:8312,2017-02-12,00:00:00,19.95,20.00,19.70,19.76,0
TADAWUL:8312,2017-02-13,00:00:00,19.85,19.90,19.60,19.60,0
TADAWUL:8312,2017-02-14,00:00:00,19.60,19.65,19.30,19.44,0
TADAWUL:8312,2017-02-15,00:00:00,19.55,20.45,19.55,20.02,0
TADAWUL:8312,2017-02-16,00:00:00,20.00,20.20,19.60,19.70,0
TADAWUL:8312,2017-02-19,00:00:00,19.65,20.20,19.65,19.86,0
TADAWUL:8312,2017-02-20,00:00:00,19.90,19.90,19.00,19.09,0
TADAWUL:8312,2017-02-21,00:00:00,19.05,19.05,18.25,18.59,0
TADAWUL:8312,2017-02-22,00:00:00,18.65,18.75,18.40,18.45,0
TADAWUL:8312,2017-02-23,00:00:00,18.35,18.65,18.35,18.44,0
TADAWUL:8312,2017-02-26,00:00:00,18.70,18.95,18.70,18.80,0
TADAWUL:8312,2017-02-27,00:00:00,18.70,18.70,18.00,18.18,0
TADAWUL:8312,2017-02-28,00:00:00,17.95,18.80,17.80,18.60,0
TADAWUL:8312,2017-03-01,00:00:00,18.80,18.80,18.35,18.58,0
TADAWUL:8312,2017-03-02,00:00:00,18.90,18.95,18.50,18.57,0
TADAWUL:8312,2017-03-05,00:00:00,18.50,18.50,18.00,18.05,0
TADAWUL:8312,2017-03-06,00:00:00,18.10,18.25,17.75,18.20,0
TADAWUL:8312,2017-03-07,00:00:00,18.25,18.50,18.20,18.22,0
TADAWUL:8312,2017-03-08,00:00:00,18.20,18.30,18.00,18.24,0
TADAWUL:8312,2017-03-09,00:00:00,18.05,18.15,17.70,17.80,0
TADAWUL:8312,2017-03-12,00:00:00,17.85,17.85,17.35,17.45,0
TADAWUL:8312,2017-03-13,00:00:00,17.55,17.75,16.45,16.63,0
TADAWUL:8312,2017-03-14,00:00:00,16.70,16.80,16.15,16.79,0
TADAWUL:8312,2017-03-15,00:00:00,16.95,17.15,16.80,16.99,0
TADAWUL:8312,2017-03-16,00:00:00,17.20,17.40,17.20,17.30,0
TADAWUL:8312,2017-03-19,00:00:00,17.35,17.70,17.35,17.50,0
TADAWUL:8312,2017-03-20,00:00:00,17.45,17.90,17.40,17.52,0
TADAWUL:8312,2017-03-21,00:00:00,17.55,17.60,17.20,17.25,0
TADAWUL:8312,2017-03-22,00:00:00,16.95,17.05,16.65,16.80,0
TADAWUL:8312,2017-03-23,00:00:00,16.90,17.25,16.90,17.21,0
TADAWUL:8312,2017-03-26,00:00:00,17.50,17.55,17.25,17.26,0
TADAWUL:8312,2017-03-27,00:00:00,17.15,17.35,17.00,17.03,0
TADAWUL:8312,2017-03-28,00:00:00,17.15,17.25,17.05,17.09,0
TADAWUL:8312,2017-03-29,00:00:00,17.25,17.70,17.10,17.45,0
TADAWUL:8312,2017-03-30,00:00:00,17.55,17.55,17.25,17.32,0
TADAWUL:8312,2017-04-02,00:00:00,17.45,17.55,17.00,17.10,0
TADAWUL:8312,2017-04-03,00:00:00,17.05,17.20,17.05,17.14,0
TADAWUL:8312,2017-04-04,00:00:00,17.20,17.50,17.15,17.44,0
TADAWUL:8312,2017-04-05,00:00:00,17.45,17.55,17.40,17.43,0
TADAWUL:8312,2017-04-06,00:00:00,17.40,18.25,17.35,17.90,0
TADAWUL:8312,2017-04-09,00:00:00,17.90,18.20,17.75,17.91,0
TADAWUL:8312,2017-04-10,00:00:00,18.00,18.10,17.90,18.07,0
TADAWUL:8312,2017-04-11,00:00:00,18.10,18.15,18.00,18.05,0
TADAWUL:8312,2017-04-12,00:00:00,18.00,18.60,18.00,18.46,0
TADAWUL:8312,2017-04-13,00:00:00,18.75,18.75,18.35,18.37,0
TADAWUL:8312,2017-04-16,00:00:00,18.25,18.25,17.90,17.95,0
TADAWUL:8312,2017-04-17,00:00:00,17.95,18.15,17.90,17.94,0
TADAWUL:8312,2017-04-18,00:00:00,17.90,18.35,17.70,18.03,0
TADAWUL:8312,2017-04-19,00:00:00,17.75,18.20,17.70,18.05,0
TADAWUL:8312,2017-04-20,00:00:00,17.75,18.05,17.40,17.47,0
TADAWUL:8312,2017-04-23,00:00:00,17.50,17.70,17.20,17.23,0
TADAWUL:8312,2017-04-24,00:00:00,17.00,17.45,16.20,17.34,0
TADAWUL:8312,2017-04-25,00:00:00,17.20,17.20,16.80,17.06,0
TADAWUL:8312,2017-04-26,00:00:00,17.10,17.10,16.95,17.07,0
TADAWUL:8312,2017-04-27,00:00:00,16.95,17.45,16.95,17.34,0
TADAWUL:8312,2017-04-30,00:00:00,17.45,17.80,17.40,17.65,0
TADAWUL:8312,2017-05-01,00:00:00,17.90,17.90,17.45,17.52,0
TADAWUL:8312,2017-05-02,00:00:00,17.45,17.70,17.35,17.53,0
TADAWUL:8312,2017-05-03,00:00:00,17.45,17.70,17.40,17.44,0
TADAWUL:8312,2017-05-04,00:00:00,17.30,17.30,17.20,17.20,0
TADAWUL:8312,2017-05-07,00:00:00,16.90,17.25,16.90,17.10,0
TADAWUL:8312,2017-05-08,00:00:00,17.05,17.50,17.00,17.44,0
TADAWUL:8312,2017-05-09,00:00:00,17.30,17.40,17.15,17.30,0
TADAWUL:8312,2017-05-10,00:00:00,17.25,17.60,17.10,17.49,0
TADAWUL:8312,2017-05-15,00:00:00,26.50,26.50,24.90,26.24,0
TADAWUL:8312,2017-05-16,00:00:00,25.80,28.30,25.80,27.79,0
TADAWUL:8312,2017-05-17,00:00:00,27.80,28.30,27.40,27.67,0
TADAWUL:8312,2017-05-18,00:00:00,27.40,27.70,26.70,26.79,0
TADAWUL:8312,2017-05-21,00:00:00,27.00,27.20,26.60,26.61,0
TADAWUL:8312,2017-05-22,00:00:00,26.50,27.70,26.10,27.39,0
TADAWUL:8312,2017-05-23,00:00:00,26.80,27.30,26.70,26.70,0
TADAWUL:8312,2017-05-24,00:00:00,26.80,27.30,25.90,25.91,0
TADAWUL:8312,2017-05-25,00:00:00,26.00,26.30,25.60,25.80,0
TADAWUL:8312,2017-05-28,00:00:00,25.00,26.40,25.00,26.00,0
TADAWUL:8312,2017-05-29,00:00:00,25.70,26.00,25.60,25.92,0
TADAWUL:8312,2017-05-30,00:00:00,26.00,26.10,25.80,26.08,0
TADAWUL:8312,2017-05-31,00:00:00,26.10,26.40,25.90,25.90,0
TADAWUL:8312,2017-06-01,00:00:00,25.70,25.80,25.70,25.70,0
TADAWUL:8312,2017-06-04,00:00:00,25.80,26.10,25.80,25.90,0
TADAWUL:8312,2017-06-05,00:00:00,25.90,25.90,25.40,25.56,0
TADAWUL:8312,2017-06-06,00:00:00,25.65,26.00,25.50,25.50,0
TADAWUL:8312,2017-06-07,00:00:00,25.50,25.75,25.50,25.59,0
TADAWUL:8312,2017-06-08,00:00:00,25.40,25.50,25.00,25.06,0
TADAWUL:8312,2017-06-11,00:00:00,24.52,24.60,23.50,23.53,0
TADAWUL:8312,2017-06-12,00:00:00,23.50,23.54,23.00,23.07,0
TADAWUL:8312,2017-06-13,00:00:00,23.10,23.40,23.10,23.34,0
TADAWUL:8312,2017-06-14,00:00:00,23.60,24.40,23.60,23.71,0
TADAWUL:8312,2017-06-15,00:00:00,23.88,23.90,22.06,23.59,0
TADAWUL:8312,2017-06-18,00:00:00,23.86,24.00,23.86,23.78,0
TADAWUL:8312,2017-06-19,00:00:00,23.20,23.88,23.20,23.64,0
TADAWUL:8312,2017-06-20,00:00:00,23.70,23.70,23.00,23.21,0
TADAWUL:8312,2017-06-21,00:00:00,23.22,23.44,23.20,23.44,0
TADAWUL:8312,2017-06-22,00:00:00,23.02,23.70,23.02,23.33,0
TADAWUL:8312,2017-07-02,00:00:00,23.06,23.90,23.06,23.51,0
TADAWUL:8312,2017-07-03,00:00:00,23.78,24.10,23.70,23.94,0
TADAWUL:8312,2017-07-04,00:00:00,23.98,24.00,23.92,23.95,0
